-- MySQL dump 10.13  Distrib 8.0.40, for Linux (x86_64)
--
-- Host: localhost    Database: carvista
-- ------------------------------------------------------
-- Server version	8.0.40

/*!40101 SET @OLD_CHARACTER_SET_CLIENT=@@CHARACTER_SET_CLIENT */;
/*!40101 SET @OLD_CHARACTER_SET_RESULTS=@@CHARACTER_SET_RESULTS */;
/*!40101 SET @OLD_COLLATION_CONNECTION=@@COLLATION_CONNECTION */;
/*!50503 SET NAMES utf8mb4 */;
/*!40103 SET @OLD_TIME_ZONE=@@TIME_ZONE */;
/*!40103 SET TIME_ZONE='+00:00' */;
/*!40014 SET @OLD_UNIQUE_CHECKS=@@UNIQUE_CHECKS, UNIQUE_CHECKS=0 */;
/*!40014 SET @OLD_FOREIGN_KEY_CHECKS=@@FOREIGN_KEY_CHECKS, FOREIGN_KEY_CHECKS=0 */;
/*!40101 SET @OLD_SQL_MODE=@@SQL_MODE, SQL_MODE='NO_AUTO_VALUE_ON_ZERO' */;
/*!40111 SET @OLD_SQL_NOTES=@@SQL_NOTES, SQL_NOTES=0 */;

--
-- Table structure for table `ai_chat_messages`
--

DROP TABLE IF EXISTS `ai_chat_messages`;
/*!40101 SET @saved_cs_client     = @@character_set_client */;
/*!50503 SET character_set_client = utf8mb4 */;
CREATE TABLE `ai_chat_messages` (
  `message_id` bigint NOT NULL AUTO_INCREMENT,
  `session_id` bigint NOT NULL,
  `role` enum('user','assistant','tool') COLLATE utf8mb4_unicode_ci NOT NULL,
  `content` longtext COLLATE utf8mb4_unicode_ci,
  `tool_name` varchar(120) COLLATE utf8mb4_unicode_ci DEFAULT NULL,
  `tool_payload` json DEFAULT NULL,
  `created_at` timestamp NOT NULL DEFAULT CURRENT_TIMESTAMP,
  PRIMARY KEY (`message_id`),
  KEY `idx_ai_messages_session_time` (`session_id`,`created_at`),
  CONSTRAINT `fk_ai_messages_session` FOREIGN KEY (`session_id`) REFERENCES `ai_chat_sessions` (`session_id`) ON DELETE CASCADE ON UPDATE CASCADE
) ENGINE=InnoDB AUTO_INCREMENT=208 DEFAULT CHARSET=utf8mb4 COLLATE=utf8mb4_unicode_ci;
/*!40101 SET character_set_client = @saved_cs_client */;

--
-- Dumping data for table `ai_chat_messages`
--

LOCK TABLES `ai_chat_messages` WRITE;
/*!40000 ALTER TABLE `ai_chat_messages` DISABLE KEYS */;
INSERT INTO `ai_chat_messages` VALUES (1,1,'user','compare [1,2]',NULL,NULL,'2026-03-18 08:24:50'),(2,1,'tool',NULL,'compare','{\"items\": [{\"cons\": [], \"make\": \"Toyota\", \"pros\": [\"Strong power output (power_hp).\"], \"trim\": \"LE\", \"year\": 2018, \"doors\": 4, \"model\": \"Camry\", \"seats\": 5, \"specs\": {\"power_hp\": 333, \"range_km\": null, \"width_mm\": 1767, \"height_mm\": 1565, \"length_mm\": 4221, \"torque_nm\": 526, \"variant_id\": 1, \"battery_kwh\": null, \"wheelbase_mm\": 3128, \"curb_weight_kg\": 1720, \"displacement_cc\": 2497}, \"engine\": \"1.5L Turbo\", \"scores\": {\"final_score\": 4, \"price_score\": 0, \"rating_score\": 0, \"practicality_score\": 4}, \"_scores\": {\"final_score\": 4, \"price_score\": 0, \"rating_score\": 0, \"practicality_score\": 4}, \"body_type\": \"sedan\", \"fuel_type\": \"gasoline\", \"msrp_base\": 36501.76, \"avg_rating\": null, \"drivetrain\": \"AWD\", \"variant_id\": 1, \"latest_price\": null, \"review_count\": 0, \"transmission\": \"AT\", \"specs_kv_selected\": {}}, {\"cons\": [], \"make\": \"Toyota\", \"pros\": [], \"trim\": \"XLE\", \"year\": 2018, \"doors\": 4, \"model\": \"Camry\", \"seats\": 5, \"specs\": null, \"engine\": \"2.0L\", \"scores\": {\"final_score\": 34, \"price_score\": 0, \"rating_score\": 30, \"practicality_score\": 4}, \"_scores\": {\"final_score\": 34, \"price_score\": 0, \"rating_score\": 30, \"practicality_score\": 4}, \"body_type\": \"sedan\", \"fuel_type\": \"gasoline\", \"msrp_base\": 26149.71, \"avg_rating\": 3, \"drivetrain\": \"AWD\", \"variant_id\": 2, \"latest_price\": null, \"review_count\": 1, \"transmission\": \"MT\", \"specs_kv_selected\": {}}], \"notes\": \"\", \"comparison_table\": {\"seats\": {\"1\": 5, \"2\": 5}, \"engine\": {\"1\": \"1.5L Turbo\", \"2\": \"2.0L\"}, \"power_hp\": {\"1\": 333, \"2\": null}, \"fuel_type\": {\"1\": \"gasoline\", \"2\": \"gasoline\"}, \"msrp_base\": {\"1\": 36501.76, \"2\": 26149.71}, \"torque_nm\": {\"1\": 526, \"2\": null}, \"avg_rating\": {\"1\": null, \"2\": 3}, \"drivetrain\": {\"1\": \"AWD\", \"2\": \"AWD\"}, \"transmission\": {\"1\": \"AT\", \"2\": \"MT\"}}, \"recommendation_reason\": \"Selected by scoring: rating=30.0, price=0.0, practicality=4.0\", \"recommended_variant_id\": 2}','2026-03-18 08:24:50'),(3,1,'assistant','Mình đã so sánh 2 xe. Gợi ý chọn variant_id=2. Selected by scoring: rating=30.0, price=0.0, practicality=4.0',NULL,NULL,'2026-03-18 08:24:50'),(4,2,'user','So sánh [1,2] giúp tôi',NULL,NULL,'2026-03-18 08:25:49'),(5,2,'tool',NULL,'compare','{\"items\": [{\"cons\": [], \"make\": \"Toyota\", \"pros\": [\"Strong power output (power_hp).\"], \"trim\": \"LE\", \"year\": 2018, \"doors\": 4, \"model\": \"Camry\", \"seats\": 5, \"specs\": {\"power_hp\": 333, \"range_km\": null, \"width_mm\": 1767, \"height_mm\": 1565, \"length_mm\": 4221, \"torque_nm\": 526, \"variant_id\": 1, \"battery_kwh\": null, \"wheelbase_mm\": 3128, \"curb_weight_kg\": 1720, \"displacement_cc\": 2497}, \"engine\": \"1.5L Turbo\", \"scores\": {\"final_score\": 4, \"price_score\": 0, \"rating_score\": 0, \"practicality_score\": 4}, \"_scores\": {\"final_score\": 4, \"price_score\": 0, \"rating_score\": 0, \"practicality_score\": 4}, \"body_type\": \"sedan\", \"fuel_type\": \"gasoline\", \"msrp_base\": 36501.76, \"avg_rating\": null, \"drivetrain\": \"AWD\", \"variant_id\": 1, \"latest_price\": null, \"review_count\": 0, \"transmission\": \"AT\", \"specs_kv_selected\": {}}, {\"cons\": [], \"make\": \"Toyota\", \"pros\": [], \"trim\": \"XLE\", \"year\": 2018, \"doors\": 4, \"model\": \"Camry\", \"seats\": 5, \"specs\": null, \"engine\": \"2.0L\", \"scores\": {\"final_score\": 34, \"price_score\": 0, \"rating_score\": 30, \"practicality_score\": 4}, \"_scores\": {\"final_score\": 34, \"price_score\": 0, \"rating_score\": 30, \"practicality_score\": 4}, \"body_type\": \"sedan\", \"fuel_type\": \"gasoline\", \"msrp_base\": 26149.71, \"avg_rating\": 3, \"drivetrain\": \"AWD\", \"variant_id\": 2, \"latest_price\": null, \"review_count\": 1, \"transmission\": \"MT\", \"specs_kv_selected\": {}}], \"notes\": \"\", \"comparison_table\": {\"seats\": {\"1\": 5, \"2\": 5}, \"engine\": {\"1\": \"1.5L Turbo\", \"2\": \"2.0L\"}, \"power_hp\": {\"1\": 333, \"2\": null}, \"fuel_type\": {\"1\": \"gasoline\", \"2\": \"gasoline\"}, \"msrp_base\": {\"1\": 36501.76, \"2\": 26149.71}, \"torque_nm\": {\"1\": 526, \"2\": null}, \"avg_rating\": {\"1\": null, \"2\": 3}, \"drivetrain\": {\"1\": \"AWD\", \"2\": \"AWD\"}, \"transmission\": {\"1\": \"AT\", \"2\": \"MT\"}}, \"recommendation_reason\": \"Selected by scoring: rating=30.0, price=0.0, practicality=4.0\", \"recommended_variant_id\": 2}','2026-03-18 08:25:49'),(6,2,'assistant','Mình đã so sánh 2 xe. Gợi ý chọn variant_id=2. Selected by scoring: rating=30.0, price=0.0, practicality=4.0',NULL,NULL,'2026-03-18 08:25:49'),(7,3,'user','So sánh [1,2] giúp tôi',NULL,NULL,'2026-03-18 08:30:30'),(8,3,'tool',NULL,'compare','{\"items\": [{\"cons\": [], \"make\": \"Toyota\", \"pros\": [\"Strong power output (power_hp).\"], \"trim\": \"LE\", \"year\": 2018, \"doors\": 4, \"model\": \"Camry\", \"seats\": 5, \"specs\": {\"power_hp\": 333, \"range_km\": null, \"width_mm\": 1767, \"height_mm\": 1565, \"length_mm\": 4221, \"torque_nm\": 526, \"variant_id\": 1, \"battery_kwh\": null, \"wheelbase_mm\": 3128, \"curb_weight_kg\": 1720, \"displacement_cc\": 2497}, \"engine\": \"1.5L Turbo\", \"scores\": {\"final_score\": 4, \"price_score\": 0, \"rating_score\": 0, \"practicality_score\": 4}, \"_scores\": {\"final_score\": 4, \"price_score\": 0, \"rating_score\": 0, \"practicality_score\": 4}, \"body_type\": \"sedan\", \"fuel_type\": \"gasoline\", \"msrp_base\": 36501.76, \"avg_rating\": null, \"drivetrain\": \"AWD\", \"variant_id\": 1, \"latest_price\": null, \"review_count\": 0, \"transmission\": \"AT\", \"specs_kv_selected\": {}}, {\"cons\": [], \"make\": \"Toyota\", \"pros\": [], \"trim\": \"XLE\", \"year\": 2018, \"doors\": 4, \"model\": \"Camry\", \"seats\": 5, \"specs\": null, \"engine\": \"2.0L\", \"scores\": {\"final_score\": 34, \"price_score\": 0, \"rating_score\": 30, \"practicality_score\": 4}, \"_scores\": {\"final_score\": 34, \"price_score\": 0, \"rating_score\": 30, \"practicality_score\": 4}, \"body_type\": \"sedan\", \"fuel_type\": \"gasoline\", \"msrp_base\": 26149.71, \"avg_rating\": 3, \"drivetrain\": \"AWD\", \"variant_id\": 2, \"latest_price\": null, \"review_count\": 1, \"transmission\": \"MT\", \"specs_kv_selected\": {}}], \"notes\": \"\", \"comparison_table\": {\"seats\": {\"1\": 5, \"2\": 5}, \"engine\": {\"1\": \"1.5L Turbo\", \"2\": \"2.0L\"}, \"power_hp\": {\"1\": 333, \"2\": null}, \"fuel_type\": {\"1\": \"gasoline\", \"2\": \"gasoline\"}, \"msrp_base\": {\"1\": 36501.76, \"2\": 26149.71}, \"torque_nm\": {\"1\": 526, \"2\": null}, \"avg_rating\": {\"1\": null, \"2\": 3}, \"drivetrain\": {\"1\": \"AWD\", \"2\": \"AWD\"}, \"transmission\": {\"1\": \"AT\", \"2\": \"MT\"}}, \"recommendation_reason\": \"Selected by scoring: rating=30.0, price=0.0, practicality=4.0\", \"recommended_variant_id\": 2}','2026-03-18 08:30:30'),(9,3,'assistant','Mình đã so sánh 2 xe. Gợi ý chọn variant_id=2. Selected by scoring: rating=30.0, price=0.0, practicality=4.0',NULL,NULL,'2026-03-18 08:30:30'),(10,4,'user','So sánh [1,2] giúp tôi',NULL,NULL,'2026-03-18 08:31:29'),(11,4,'tool',NULL,'compare','{\"items\": [{\"cons\": [], \"make\": \"Toyota\", \"pros\": [\"Strong power output (power_hp).\"], \"trim\": \"LE\", \"year\": 2018, \"doors\": 4, \"model\": \"Camry\", \"seats\": 5, \"specs\": {\"power_hp\": 333, \"range_km\": null, \"width_mm\": 1767, \"height_mm\": 1565, \"length_mm\": 4221, \"torque_nm\": 526, \"variant_id\": 1, \"battery_kwh\": null, \"wheelbase_mm\": 3128, \"curb_weight_kg\": 1720, \"displacement_cc\": 2497}, \"engine\": \"1.5L Turbo\", \"scores\": {\"final_score\": 4, \"price_score\": 0, \"rating_score\": 0, \"practicality_score\": 4}, \"_scores\": {\"final_score\": 4, \"price_score\": 0, \"rating_score\": 0, \"practicality_score\": 4}, \"body_type\": \"sedan\", \"fuel_type\": \"gasoline\", \"msrp_base\": 36501.76, \"avg_rating\": null, \"drivetrain\": \"AWD\", \"variant_id\": 1, \"latest_price\": null, \"review_count\": 0, \"transmission\": \"AT\", \"specs_kv_selected\": {}}, {\"cons\": [], \"make\": \"Toyota\", \"pros\": [], \"trim\": \"XLE\", \"year\": 2018, \"doors\": 4, \"model\": \"Camry\", \"seats\": 5, \"specs\": null, \"engine\": \"2.0L\", \"scores\": {\"final_score\": 34, \"price_score\": 0, \"rating_score\": 30, \"practicality_score\": 4}, \"_scores\": {\"final_score\": 34, \"price_score\": 0, \"rating_score\": 30, \"practicality_score\": 4}, \"body_type\": \"sedan\", \"fuel_type\": \"gasoline\", \"msrp_base\": 26149.71, \"avg_rating\": 3, \"drivetrain\": \"AWD\", \"variant_id\": 2, \"latest_price\": null, \"review_count\": 1, \"transmission\": \"MT\", \"specs_kv_selected\": {}}], \"notes\": \"\", \"comparison_table\": {\"seats\": {\"1\": 5, \"2\": 5}, \"engine\": {\"1\": \"1.5L Turbo\", \"2\": \"2.0L\"}, \"power_hp\": {\"1\": 333, \"2\": null}, \"fuel_type\": {\"1\": \"gasoline\", \"2\": \"gasoline\"}, \"msrp_base\": {\"1\": 36501.76, \"2\": 26149.71}, \"torque_nm\": {\"1\": 526, \"2\": null}, \"avg_rating\": {\"1\": null, \"2\": 3}, \"drivetrain\": {\"1\": \"AWD\", \"2\": \"AWD\"}, \"transmission\": {\"1\": \"AT\", \"2\": \"MT\"}}, \"recommendation_reason\": \"Selected by scoring: rating=30.0, price=0.0, practicality=4.0\", \"recommended_variant_id\": 2}','2026-03-18 08:31:29'),(12,4,'assistant','Mình đã so sánh 2 xe. Gợi ý chọn variant_id=2. Selected by scoring: rating=30.0, price=0.0, practicality=4.0',NULL,NULL,'2026-03-18 08:31:29'),(13,5,'user','Compare [1,2] for me',NULL,NULL,'2026-03-18 09:26:05'),(14,5,'tool',NULL,'compare','{\"items\": [{\"cons\": [], \"make\": \"Toyota\", \"pros\": [\"Strong power output (power_hp).\"], \"trim\": \"LE\", \"year\": 2018, \"doors\": 4, \"model\": \"Camry\", \"seats\": 5, \"specs\": {\"power_hp\": 333, \"range_km\": null, \"width_mm\": 1767, \"height_mm\": 1565, \"length_mm\": 4221, \"torque_nm\": 526, \"variant_id\": 1, \"battery_kwh\": null, \"wheelbase_mm\": 3128, \"curb_weight_kg\": 1720, \"displacement_cc\": 2497}, \"engine\": \"1.5L Turbo\", \"scores\": {\"final_score\": 4, \"price_score\": 0, \"rating_score\": 0, \"practicality_score\": 4}, \"_scores\": {\"final_score\": 4, \"price_score\": 0, \"rating_score\": 0, \"practicality_score\": 4}, \"body_type\": \"sedan\", \"fuel_type\": \"gasoline\", \"msrp_base\": 36501.76, \"avg_rating\": null, \"drivetrain\": \"AWD\", \"variant_id\": 1, \"latest_price\": null, \"review_count\": 0, \"transmission\": \"AT\", \"specs_kv_selected\": {}}, {\"cons\": [], \"make\": \"Toyota\", \"pros\": [], \"trim\": \"XLE\", \"year\": 2018, \"doors\": 4, \"model\": \"Camry\", \"seats\": 5, \"specs\": null, \"engine\": \"2.0L\", \"scores\": {\"final_score\": 34, \"price_score\": 0, \"rating_score\": 30, \"practicality_score\": 4}, \"_scores\": {\"final_score\": 34, \"price_score\": 0, \"rating_score\": 30, \"practicality_score\": 4}, \"body_type\": \"sedan\", \"fuel_type\": \"gasoline\", \"msrp_base\": 26149.71, \"avg_rating\": 3, \"drivetrain\": \"AWD\", \"variant_id\": 2, \"latest_price\": null, \"review_count\": 1, \"transmission\": \"MT\", \"specs_kv_selected\": {}}], \"notes\": \"\", \"comparison_table\": {\"seats\": {\"1\": 5, \"2\": 5}, \"engine\": {\"1\": \"1.5L Turbo\", \"2\": \"2.0L\"}, \"power_hp\": {\"1\": 333, \"2\": null}, \"fuel_type\": {\"1\": \"gasoline\", \"2\": \"gasoline\"}, \"msrp_base\": {\"1\": 36501.76, \"2\": 26149.71}, \"torque_nm\": {\"1\": 526, \"2\": null}, \"avg_rating\": {\"1\": null, \"2\": 3}, \"drivetrain\": {\"1\": \"AWD\", \"2\": \"AWD\"}, \"transmission\": {\"1\": \"AT\", \"2\": \"MT\"}}, \"recommendation_reason\": \"Selected by scoring: rating=30.0, price=0.0, practicality=4.0\", \"recommended_variant_id\": 2}','2026-03-18 09:26:05'),(15,5,'assistant','Mình đã so sánh 2 xe. Gợi ý chọn variant_id=2. Selected by scoring: rating=30.0, price=0.0, practicality=4.0',NULL,NULL,'2026-03-18 09:26:05'),(16,6,'user','Explain the ownership cost of 2024 Audi A4 Base and the biggest cost drivers.',NULL,NULL,'2026-03-18 15:01:11'),(17,6,'assistant','There is no TCO profile configured for this market yet, so I cannot build a reliable ownership estimate.',NULL,NULL,'2026-03-18 15:01:11'),(18,6,'user','Predict the future price of 2024 Audi A4 Base over the next 6 months.',NULL,NULL,'2026-03-18 15:01:24'),(19,6,'tool',NULL,'predict_price','{\"notes\": \"fallback_model=same_model_market_blend comparable_count=2 anchor=33080\", \"title\": \"AI price outlook\", \"currency\": \"VND\", \"market_id\": 1, \"highlights\": [\"Projected midpoint: ₫31,000\", \"Expected range: ₫28,000 to ₫35,000\", \"Using fallback market estimation due limited history.\"], \"last_price\": 33000, \"price_type\": \"avg_market\", \"variant_id\": 775, \"volatility\": 0.12, \"trend_slope\": -275.66670420493284, \"insight_cards\": [{\"title\": \"Forecast\", \"value\": \"₫31,000\", \"description\": \"Likely range ₫28,000 to ₫35,000\"}, {\"title\": \"Confidence\", \"value\": \"Moderate confidence\", \"description\": \"Built from limited local history plus comparable market signals.\"}, {\"title\": \"Signal\", \"value\": \"Downward trend\", \"description\": \"Trend slope -275.67 price units per month.\"}], \"predicted_max\": 35000, \"predicted_min\": 28000, \"history_points\": 0, \"horizon_months\": 6, \"predicted_price\": 31000, \"prediction_mode\": \"limited_history_fallback\", \"confidence_score\": 0.42, \"assistant_message\": \"CarVista expects a downward price move over the next 6 month(s), with an estimated midpoint around ₫31,000.\"}','2026-03-18 15:01:24'),(20,6,'assistant','2024 Audi A4 Base: CarVista expects a downward price move over the next 6 month(s), with an estimated midpoint around ₫31,000.',NULL,NULL,'2026-03-18 15:01:24'),(21,6,'user','hi',NULL,NULL,'2026-03-18 15:01:52'),(22,6,'assistant','I can guide you to a better-fit car, but I need a few lifestyle details first. Do you mostly drive in a city, mixed area, or rural roads?',NULL,NULL,'2026-03-18 15:01:52'),(23,6,'user','city',NULL,NULL,'2026-03-18 15:01:58'),(24,6,'assistant','Thanks, that helps. Do you often take long highway or weekend trips?',NULL,NULL,'2026-03-18 15:01:58'),(25,6,'user','once a month',NULL,NULL,'2026-03-18 15:02:14'),(26,6,'assistant','I can guide you to a better-fit car, but I need a few lifestyle details first. Do you often take long highway or weekend trips?',NULL,NULL,'2026-03-18 15:02:14'),(27,6,'user','sometimes long highway, sometimes weekend trips',NULL,NULL,'2026-03-18 15:02:35'),(28,6,'assistant','I can guide you to a better-fit car, but I need a few lifestyle details first. Do you often take long highway or weekend trips?',NULL,NULL,'2026-03-18 15:02:35'),(29,6,'user','long highway',NULL,NULL,'2026-03-18 15:02:46'),(30,6,'assistant','I can guide you to a better-fit car, but I need a few lifestyle details first. Do you often take long highway or weekend trips?',NULL,NULL,'2026-03-18 15:02:46'),(31,6,'user','yes',NULL,NULL,'2026-03-18 15:02:50'),(32,6,'assistant','I can guide you to a better-fit car, but I need a few lifestyle details first. Do you often take long highway or weekend trips?',NULL,NULL,'2026-03-18 15:02:50'),(33,6,'user','idk',NULL,NULL,'2026-03-18 15:03:02'),(34,6,'assistant','I can guide you to a better-fit car, but I need a few lifestyle details first. Do you often take long highway or weekend trips?',NULL,NULL,'2026-03-18 15:03:02'),(35,6,'user','hi',NULL,NULL,'2026-03-18 15:03:08'),(36,6,'assistant','I can guide you to a better-fit car, but I need a few lifestyle details first. Do you often take long highway or weekend trips?',NULL,NULL,'2026-03-18 15:03:08'),(37,6,'user','Explain the ownership cost of 2024 Audi A4 Base and the biggest cost drivers.',NULL,NULL,'2026-03-18 15:06:01'),(38,6,'assistant','There is no TCO profile configured for this market yet, so I cannot build a reliable ownership estimate.',NULL,NULL,'2026-03-18 15:06:01'),(39,6,'user','Predict the future price of 2024 Audi A4 Base over the next 6 months.',NULL,NULL,'2026-03-18 15:06:14'),(40,6,'tool',NULL,'predict_price','{\"notes\": \"fallback_model=same_model_market_blend comparable_count=2 anchor=33080\", \"title\": \"AI price outlook\", \"currency\": \"VND\", \"market_id\": 1, \"highlights\": [\"Projected midpoint: ₫31,000\", \"Expected range: ₫28,000 to ₫35,000\", \"Using fallback market estimation due limited history.\"], \"last_price\": 33000, \"price_type\": \"avg_market\", \"variant_id\": 775, \"volatility\": 0.12, \"trend_slope\": -275.66670420493284, \"insight_cards\": [{\"title\": \"Forecast\", \"value\": \"₫31,000\", \"description\": \"Likely range ₫28,000 to ₫35,000\"}, {\"title\": \"Confidence\", \"value\": \"Moderate confidence\", \"description\": \"Built from limited local history plus comparable market signals.\"}, {\"title\": \"Signal\", \"value\": \"Downward trend\", \"description\": \"Trend slope -275.67 price units per month.\"}], \"predicted_max\": 35000, \"predicted_min\": 28000, \"history_points\": 0, \"horizon_months\": 6, \"predicted_price\": 31000, \"prediction_mode\": \"limited_history_fallback\", \"confidence_score\": 0.42, \"assistant_message\": \"CarVista expects a downward price move over the next 6 month(s), with an estimated midpoint around ₫31,000.\"}','2026-03-18 15:06:14'),(41,6,'assistant','2024 Audi A4 Base: CarVista expects a downward price move over the next 6 month(s), with an estimated midpoint around ₫31,000.',NULL,NULL,'2026-03-18 15:06:14'),(42,6,'user','Predict the future price of 2024 Audi A4 Base over the next 6 months.',NULL,NULL,'2026-03-18 15:06:17'),(43,6,'tool',NULL,'predict_price','{\"notes\": \"fallback_model=same_model_market_blend comparable_count=2 anchor=33080\", \"title\": \"AI price outlook\", \"currency\": \"VND\", \"market_id\": 1, \"highlights\": [\"Projected midpoint: ₫31,000\", \"Expected range: ₫28,000 to ₫35,000\", \"Using fallback market estimation due limited history.\"], \"last_price\": 33000, \"price_type\": \"avg_market\", \"variant_id\": 775, \"volatility\": 0.12, \"trend_slope\": -275.66670420493284, \"insight_cards\": [{\"title\": \"Forecast\", \"value\": \"₫31,000\", \"description\": \"Likely range ₫28,000 to ₫35,000\"}, {\"title\": \"Confidence\", \"value\": \"Moderate confidence\", \"description\": \"Built from limited local history plus comparable market signals.\"}, {\"title\": \"Signal\", \"value\": \"Downward trend\", \"description\": \"Trend slope -275.67 price units per month.\"}], \"predicted_max\": 35000, \"predicted_min\": 28000, \"history_points\": 0, \"horizon_months\": 6, \"predicted_price\": 31000, \"prediction_mode\": \"limited_history_fallback\", \"confidence_score\": 0.42, \"assistant_message\": \"CarVista expects a downward price move over the next 6 month(s), with an estimated midpoint around ₫31,000.\"}','2026-03-18 15:06:17'),(44,6,'assistant','2024 Audi A4 Base: CarVista expects a downward price move over the next 6 month(s), with an estimated midpoint around ₫31,000.',NULL,NULL,'2026-03-18 15:06:17'),(45,6,'user','Help me decide whether 2024 Audi A4 Base fits my lifestyle and budget.',NULL,NULL,'2026-03-18 15:06:32'),(46,6,'assistant','Thanks, that helps. Do you often take long highway or weekend trips?',NULL,NULL,'2026-03-18 15:06:32'),(47,7,'user','I need a family SUV for mostly city driving.',NULL,NULL,'2026-03-18 15:46:47'),(48,7,'assistant','Got it. So far I understand mostly city driving, leans toward suv body styles. What budget are you targeting for the car itself? You can answer with something like \"under 1 billion VND\", \"around 30,000 USD\", \"800 million VND\".',NULL,NULL,'2026-03-18 15:46:47'),(49,8,'user','hi',NULL,NULL,'2026-03-19 02:24:41'),(50,8,'assistant','Got it. So far I understand I am still collecting your driving profile. What budget are you targeting for the car itself? You can answer with something like \"under 1 billion VND\", \"around 30,000 USD\", \"800 million VND\".',NULL,NULL,'2026-03-19 02:24:41'),(51,8,'user','what',NULL,NULL,'2026-03-19 02:24:52'),(52,8,'assistant','I want to make sure I understood your last reply correctly. Right now I know I am still collecting your driving profile. What budget are you targeting for the car itself? You can answer with something like \"under 1 billion VND\", \"around 30,000 USD\", \"800 million VND\".',NULL,NULL,'2026-03-19 02:24:52'),(53,8,'user','under 1 billion VND',NULL,NULL,'2026-03-19 02:25:03'),(54,8,'assistant','Got it. So far I understand budget around 1 billion VND. Do you mostly drive in a city, mixed area, or rural roads? You can answer with something like \"mostly city traffic\", \"mixed city and highway\", \"mainly rural roads\".',NULL,NULL,'2026-03-19 02:25:03'),(55,8,'user','drive in city and highway',NULL,NULL,'2026-03-19 02:25:20'),(56,8,'assistant','Got it. So far I understand budget around 1 billion VND, a mix of city and highway driving. Do you often take long highway or weekend trips? You can answer with something like \"yes, almost every weekend\", \"sometimes\", \"rarely\".',NULL,NULL,'2026-03-19 02:25:20'),(57,8,'user','sometimes',NULL,NULL,'2026-03-19 02:25:31'),(58,8,'assistant','Got it. So far I understand budget around 1 billion VND, a mix of city and highway driving, occasional longer trips. How many people do you usually carry in one trip? You can answer with something like \"just me\", \"2 to 4 people\", \"family of 6\".',NULL,NULL,'2026-03-19 02:25:31'),(59,8,'user','family of 4',NULL,NULL,'2026-03-19 02:25:39'),(60,8,'assistant','Based on what you told me, Audi Q7 S line looks like the best fit right now because it leans more toward family comfort and space. A close alternative is Audi Q5 Prestige, especially if you want a slightly different balance between price and practicality. If you want me to refine this further, tell me your body style.',NULL,NULL,'2026-03-19 02:25:39'),(61,8,'user','sport',NULL,NULL,'2026-03-19 02:27:16'),(62,8,'assistant','Based on what you told me, Audi Q7 S line looks like the best fit right now because it leans more toward family comfort and space. A close alternative is Audi Q5 Prestige, especially if you want a slightly different balance between price and practicality. If you want me to refine this further, tell me your body style.',NULL,NULL,'2026-03-19 02:27:16'),(63,8,'user','again',NULL,NULL,'2026-03-19 02:27:26'),(64,8,'assistant','Based on what you told me, Audi Q7 S line looks like the best fit right now because it leans more toward family comfort and space. A close alternative is Audi Q5 Prestige, especially if you want a slightly different balance between price and practicality. If you want me to refine this further, tell me your body style.',NULL,NULL,'2026-03-19 02:27:26'),(65,8,'user','suv',NULL,NULL,'2026-03-19 02:27:43'),(66,8,'assistant','Based on what you told me, Audi Q7 S line looks like the best fit right now because it matches your preferred suv body style, leans more toward family comfort and space. A close alternative is Audi Q5 Prestige, especially if you want a slightly different balance between price and practicality. If you want me to refine this further, tell me your fuel type.',NULL,NULL,'2026-03-19 02:27:43'),(67,8,'user','super car',NULL,NULL,'2026-03-19 02:27:51'),(68,8,'assistant','Based on what you told me, Audi Q7 S line looks like the best fit right now because it matches your preferred suv body style, leans more toward family comfort and space. A close alternative is Audi Q5 Prestige, especially if you want a slightly different balance between price and practicality. If you want me to refine this further, tell me your fuel type.',NULL,NULL,'2026-03-19 02:27:51'),(69,8,'user','bad car',NULL,NULL,'2026-03-19 02:28:00'),(70,8,'assistant','Based on what you told me, Audi Q7 S line looks like the best fit right now because it matches your preferred suv body style, leans more toward family comfort and space. A close alternative is Audi Q5 Prestige, especially if you want a slightly different balance between price and practicality. If you want me to refine this further, tell me your fuel type.',NULL,NULL,'2026-03-19 02:28:00'),(71,8,'user','what\'s the TCO of that?',NULL,NULL,'2026-03-19 02:28:13'),(72,8,'assistant','Give me the expected car price first, for example 700 million or 1 billion, and I can estimate ownership cost.',NULL,NULL,'2026-03-19 02:28:13'),(73,8,'user','1 bil',NULL,NULL,'2026-03-19 02:28:26'),(74,8,'assistant','Based on what you told me, Audi Q7 S line looks like the best fit right now because it matches your preferred suv body style, leans more toward family comfort and space. A close alternative is Audi Q5 Prestige, especially if you want a slightly different balance between price and practicality. If you want me to refine this further, tell me your fuel type.',NULL,NULL,'2026-03-19 02:28:26'),(75,8,'user','TCO cal',NULL,NULL,'2026-03-19 02:28:36'),(76,8,'assistant','Give me the expected car price first, for example 700 million or 1 billion, and I can estimate ownership cost.',NULL,NULL,'2026-03-19 02:28:36'),(77,8,'user','700 million',NULL,NULL,'2026-03-19 02:28:43'),(78,8,'assistant','Based on what you told me, Audi Q7 S line looks like the best fit right now because it matches your preferred suv body style, leans more toward family comfort and space. A close alternative is Audi Q5 Prestige, especially if you want a slightly different balance between price and practicality. If you want me to refine this further, tell me your fuel type.',NULL,NULL,'2026-03-19 02:28:43'),(79,8,'user','predict price',NULL,NULL,'2026-03-19 02:31:41'),(80,8,'assistant','To run a price outlook, open a vehicle detail page first or send one variant id in square brackets, for example [123].',NULL,NULL,'2026-03-19 02:31:41'),(81,8,'user','123',NULL,NULL,'2026-03-19 02:31:45'),(82,8,'assistant','Based on what you told me, Audi Q7 S line looks like the best fit right now because it matches your preferred suv body style, leans more toward family comfort and space. A close alternative is Audi Q5 Prestige, especially if you want a slightly different balance between price and practicality. If you want me to refine this further, tell me your fuel type.',NULL,NULL,'2026-03-19 02:31:45'),(83,8,'user','calculate TCO for BMW M5',NULL,NULL,'2026-03-19 02:32:05'),(84,8,'assistant','Give me the expected car price first, for example 700 million or 1 billion, and I can estimate ownership cost.',NULL,NULL,'2026-03-19 02:32:05'),(85,9,'user','hi',NULL,NULL,'2026-03-19 04:11:35'),(86,9,'assistant','Hi there. I can chat a bit, but my real strength is helping with cars, pricing, comparisons, and ownership decisions.',NULL,NULL,'2026-03-19 04:11:35'),(87,9,'user','how to drink water',NULL,NULL,'2026-03-19 04:11:43'),(88,9,'assistant','Got it. So far I understand I am still collecting your driving profile. What budget are you targeting for the car itself? You can answer with something like \"under 1 billion VND\", \"around 30,000 USD\", \"800 million VND\".',NULL,NULL,'2026-03-19 04:11:43'),(89,9,'user','hi',NULL,NULL,'2026-03-19 04:11:52'),(90,9,'assistant','Hi there. I can chat a bit, but my real strength is helping with cars, pricing, comparisons, and ownership decisions.',NULL,NULL,'2026-03-19 04:11:52'),(91,9,'user','hello',NULL,NULL,'2026-03-19 04:11:56'),(92,9,'assistant','Hi there. I can chat a bit, but my real strength is helping with cars, pricing, comparisons, and ownership decisions.',NULL,NULL,'2026-03-19 04:11:56'),(93,9,'user','i',NULL,NULL,'2026-03-19 04:12:04'),(94,9,'assistant','Got it. So far I understand I am still collecting your driving profile. What budget are you targeting for the car itself? You can answer with something like \"under 1 billion VND\", \"around 30,000 USD\", \"800 million VND\".',NULL,NULL,'2026-03-19 04:12:04'),(95,9,'user','i dont know',NULL,NULL,'2026-03-19 04:12:15'),(96,9,'assistant','I want to make sure I understood your last reply correctly. Right now I know I am still collecting your driving profile. What budget are you targeting for the car itself? You can answer with something like \"under 1 billion VND\", \"around 30,000 USD\", \"800 million VND\".',NULL,NULL,'2026-03-19 04:12:15'),(97,9,'user','under 1 bil',NULL,NULL,'2026-03-19 04:12:25'),(98,9,'assistant','Got it. So far I understand budget around 1 billion VND. Do you mostly drive in a city, mixed area, or rural roads? You can answer with something like \"mostly city traffic\", \"mixed city and highway\", \"mainly rural roads\".',NULL,NULL,'2026-03-19 04:12:25'),(99,9,'user','mostly city',NULL,NULL,'2026-03-19 04:12:37'),(100,9,'assistant','Got it. So far I understand budget around 1 billion VND, mostly city driving. Do you often take long highway or weekend trips? You can answer with something like \"yes, almost every weekend\", \"sometimes\", \"rarely\".',NULL,NULL,'2026-03-19 04:12:37'),(101,9,'user','sometimes at weekends',NULL,NULL,'2026-03-19 04:12:52'),(102,9,'assistant','Got it. So far I understand budget around 1 billion VND, mostly city driving, occasional longer trips. How many people do you usually carry in one trip? You can answer with something like \"just me\", \"2 to 4 people\", \"family of 6\".',NULL,NULL,'2026-03-19 04:12:52'),(103,9,'user','4 people family',NULL,NULL,'2026-03-19 04:13:01'),(104,9,'assistant','Based on what you told me, Hyundai Santa Fe SEL looks like the best fit right now because it leans more toward family comfort and space. A close alternative is Kia Sorento GT-Line, especially if you want a slightly different balance between price and practicality. If you want me to refine this further, tell me your body style.',NULL,NULL,'2026-03-19 04:13:01'),(105,9,'user','sport type',NULL,NULL,'2026-03-19 04:13:19'),(106,9,'assistant','Based on what you told me, Hyundai Santa Fe SEL looks like the best fit right now because it leans more toward family comfort and space. A close alternative is Kia Sorento GT-Line, especially if you want a slightly different balance between price and practicality. If you want me to refine this further, tell me your body style.',NULL,NULL,'2026-03-19 04:13:19'),(107,9,'user','escape',NULL,NULL,'2026-03-19 04:13:31'),(108,9,'assistant','Based on what you told me, Hyundai Santa Fe SEL looks like the best fit right now because it leans more toward family comfort and space. A close alternative is Kia Sorento GT-Line, especially if you want a slightly different balance between price and practicality. If you want me to refine this further, tell me your body style.',NULL,NULL,'2026-03-19 04:13:31'),(109,9,'user','hi',NULL,NULL,'2026-03-19 04:13:43'),(110,9,'assistant','Hi there. I can chat a bit, but my real strength is helping with cars, pricing, comparisons, and ownership decisions.',NULL,NULL,'2026-03-19 04:13:43'),(111,9,'user','Calculate TCO for BMW M3',NULL,NULL,'2026-03-19 04:13:51'),(112,9,'assistant','Give me the expected car price first, for example 700 million or 1 billion, and I can estimate ownership cost.',NULL,NULL,'2026-03-19 04:13:51'),(113,9,'user','around 1 bil',NULL,NULL,'2026-03-19 04:13:59'),(114,9,'assistant','Based on what you told me, Hyundai Santa Fe SEL looks like the best fit right now because it leans more toward family comfort and space. A close alternative is Kia Sorento GT-Line, especially if you want a slightly different balance between price and practicality. If you want me to refine this further, tell me your body style.',NULL,NULL,'2026-03-19 04:13:59'),(115,10,'user','hi',NULL,NULL,'2026-03-19 06:21:36'),(116,10,'tool',NULL,'small_talk','{\"meta\": {\"latency_ms\": 1, \"sources_used\": [], \"fallback_used\": false, \"route_service\": \"ConversationPolicyService\", \"services_used\": [\"IntentClassifier\", \"ConversationPolicyService\", \"AiFormatter\"], \"missing_fields\": []}, \"intent\": \"small_talk\", \"caveats\": [], \"sources\": [], \"evidence\": null, \"confidence\": 0.9, \"final_answer\": \"Hi there. I can chat a bit, but my real strength is helping with cars, pricing, comparisons, and ownership decisions.\", \"freshness_note\": null, \"result_confidence\": null, \"structured_result\": {\"policy\": \"small_talk\"}, \"needs_clarification\": false}','2026-03-19 06:21:36'),(117,10,'assistant','Hi there. I can chat a bit, but my real strength is helping with cars, pricing, comparisons, and ownership decisions.',NULL,NULL,'2026-03-19 06:21:36'),(118,10,'user','can you eat banana',NULL,NULL,'2026-03-19 06:21:44'),(119,10,'assistant','Got it. So far I understand I am still collecting your driving profile. What budget are you targeting for the car itself? You can answer with something like \"under 1 billion VND\", \"around 30,000 USD\", \"800 million VND\".',NULL,NULL,'2026-03-19 06:21:44'),(120,10,'user','under 1 billion VND',NULL,NULL,'2026-03-19 06:21:55'),(121,10,'assistant','Got it. So far I understand budget around 1 billion VND. Do you mostly drive in a city, mixed area, or rural roads? You can answer with something like \"mostly city traffic\", \"mixed city and highway\", \"mainly rural roads\".',NULL,NULL,'2026-03-19 06:21:55'),(122,10,'user','mostly city traffic',NULL,NULL,'2026-03-19 06:22:08'),(123,10,'assistant','Got it. So far I understand budget around 1 billion VND, mostly city driving. Do you often take long highway or weekend trips? You can answer with something like \"yes, almost every weekend\", \"sometimes\", \"rarely\".',NULL,NULL,'2026-03-19 06:22:08'),(124,10,'user','sometimes',NULL,NULL,'2026-03-19 06:22:12'),(125,10,'assistant','Got it. So far I understand budget around 1 billion VND, mostly city driving, occasional longer trips. How many people do you usually carry in one trip? You can answer with something like \"just me\", \"2 to 4 people\", \"family of 6\".',NULL,NULL,'2026-03-19 06:22:12'),(126,10,'user','2 to 4 people',NULL,NULL,'2026-03-19 06:22:20'),(127,10,'tool',NULL,'recommend_car','{\"meta\": {\"latency_ms\": 67, \"sources_used\": [\"CarVista DB\"], \"fallback_used\": false, \"route_service\": \"RecommendationService\", \"services_used\": [\"IntentClassifier\", \"RecommendationService\", \"AiFormatter\"], \"missing_fields\": []}, \"intent\": \"recommend_car\", \"caveats\": [\"Recommendations are based on current catalog coverage, not the full market.\", \"Trim-specific equipment can vary by region.\"], \"sources\": [{\"url\": null, \"note\": null, \"type\": \"internal_db\", \"title\": \"Local catalog and market price data used for recommendation ranking\", \"trust\": \"high\", \"provider\": \"CarVista DB\", \"retrieved_at\": \"2026-03-19T06:22:20.905Z\"}], \"evidence\": null, \"confidence\": 0.82, \"final_answer\": \"2024 Audi A6 Base looks like the strongest fit for the profile you shared. The main reasons are that it fits city driving well. A close alternative is 2024 BMW 3 Series xDrive if you want a slightly different balance. Current profile used: budget around 1000000000, city driving, occasional longer trips.\", \"freshness_note\": null, \"result_confidence\": {\"label\": \"Good confidence\", \"score\": 0.74, \"rationale\": [\"The recommendation is grounded to the current internal catalog and buyer profile.\"]}, \"structured_result\": {\"intent\": \"recommend_car\", \"sources\": [{\"url\": null, \"note\": null, \"type\": \"internal_db\", \"title\": \"Local catalog and market price data used for recommendation ranking\", \"trust\": \"high\", \"provider\": \"CarVista DB\", \"retrieved_at\": \"2026-03-19T06:22:20.905Z\"}], \"confidence\": {\"label\": \"Good confidence\", \"score\": 0.74, \"rationale\": [\"The recommendation is grounded to the current internal catalog and buyer profile.\"]}, \"assumptions\": [{\"type\": \"verified\", \"label\": \"Recommendations are based on current catalog coverage, not the full market.\"}, {\"type\": \"estimated\", \"label\": \"Trim-specific equipment can vary by region.\"}], \"profile_summary\": \"budget around 1000000000, city driving, occasional longer trips\", \"ranked_vehicles\": [{\"name\": \"2024 Audi A6 Base\", \"score\": 46.00063782672, \"reasons\": [\"fits city driving well\"], \"variant_id\": 796}, {\"name\": \"2024 BMW 3 Series xDrive\", \"score\": 46.00063051744, \"reasons\": [\"fits city driving well\"], \"variant_id\": 189}, {\"name\": \"2024 Kia K5 EX\", \"score\": 46.00060739224, \"reasons\": [\"fits city driving well\"], \"variant_id\": 545}]}, \"needs_clarification\": false}','2026-03-19 06:22:20'),(128,10,'assistant','2024 Audi A6 Base looks like the strongest fit for the profile you shared. The main reasons are that it fits city driving well. A close alternative is 2024 BMW 3 Series xDrive if you want a slightly different balance. Current profile used: budget around 1000000000, city driving, occasional longer trips.',NULL,NULL,'2026-03-19 06:22:20'),(129,10,'user','tco',NULL,NULL,'2026-03-19 06:22:58'),(130,10,'user','tco',NULL,NULL,'2026-03-19 06:23:04'),(131,10,'user','why',NULL,NULL,'2026-03-19 06:23:09'),(132,10,'assistant','I want to make sure I understood your last reply correctly. Right now I know budget around 1 billion VND, mostly city driving, occasional longer trips, usually 4 passengers. Do you already prefer a body style such as sedan, SUV, hatchback, MPV, or pickup? You can answer with something like \"SUV\", \"sedan\", \"no strong preference\".',NULL,NULL,'2026-03-19 06:23:09'),(133,10,'user','tco',NULL,NULL,'2026-03-19 06:23:12'),(134,10,'user','predict',NULL,NULL,'2026-03-19 06:23:13'),(135,10,'tool',NULL,'predict_vehicle_value','{\"meta\": {\"latency_ms\": 1, \"sources_used\": [], \"fallback_used\": false, \"route_service\": \"ValuationService\", \"services_used\": [\"IntentClassifier\", \"RequestRouter\"], \"missing_fields\": [\"vehicle\"]}, \"intent\": \"predict_vehicle_value\", \"caveats\": [], \"sources\": [], \"evidence\": null, \"confidence\": 0.64, \"final_answer\": \"I can do that once I know exactly which vehicle you mean. Open a vehicle detail page or tell me the make, model, and year.\", \"freshness_note\": null, \"result_confidence\": null, \"structured_result\": null, \"needs_clarification\": true}','2026-03-19 06:23:13'),(136,10,'assistant','I can do that once I know exactly which vehicle you mean. Open a vehicle detail page or tell me the make, model, and year.',NULL,NULL,'2026-03-19 06:23:13'),(137,10,'user','BMW X5',NULL,NULL,'2026-03-19 06:23:21'),(138,10,'tool',NULL,'recommend_car','{\"meta\": {\"latency_ms\": 29, \"sources_used\": [\"CarVista DB\"], \"fallback_used\": false, \"route_service\": \"RecommendationService\", \"services_used\": [\"IntentClassifier\", \"RecommendationService\", \"AiFormatter\"], \"missing_fields\": []}, \"intent\": \"recommend_car\", \"caveats\": [\"Recommendations are based on current catalog coverage, not the full market.\", \"Trim-specific equipment can vary by region.\"], \"sources\": [{\"url\": null, \"note\": null, \"type\": \"internal_db\", \"title\": \"Local catalog and market price data used for recommendation ranking\", \"trust\": \"high\", \"provider\": \"CarVista DB\", \"retrieved_at\": \"2026-03-19T06:23:21.402Z\"}], \"evidence\": null, \"confidence\": 0.82, \"final_answer\": \"2024 Audi A6 Base looks like the strongest fit for the profile you shared. The main reasons are that it fits city driving well. A close alternative is 2024 BMW 3 Series xDrive if you want a slightly different balance. Current profile used: budget around 1000000000, city driving, occasional longer trips.\", \"freshness_note\": null, \"result_confidence\": {\"label\": \"High confidence\", \"score\": 0.82, \"rationale\": [\"The recommendation is grounded to the current internal catalog and buyer profile.\"]}, \"structured_result\": {\"intent\": \"recommend_car\", \"sources\": [{\"url\": null, \"note\": null, \"type\": \"internal_db\", \"title\": \"Local catalog and market price data used for recommendation ranking\", \"trust\": \"high\", \"provider\": \"CarVista DB\", \"retrieved_at\": \"2026-03-19T06:23:21.402Z\"}], \"confidence\": {\"label\": \"High confidence\", \"score\": 0.82, \"rationale\": [\"The recommendation is grounded to the current internal catalog and buyer profile.\"]}, \"assumptions\": [{\"type\": \"verified\", \"label\": \"Recommendations are based on current catalog coverage, not the full market.\"}, {\"type\": \"estimated\", \"label\": \"Trim-specific equipment can vary by region.\"}], \"profile_summary\": \"budget around 1000000000, city driving, occasional longer trips\", \"ranked_vehicles\": [{\"name\": \"2024 Audi A6 Base\", \"score\": 46.00063782672, \"reasons\": [\"fits city driving well\"], \"variant_id\": 796}, {\"name\": \"2024 BMW 3 Series xDrive\", \"score\": 46.00063051744, \"reasons\": [\"fits city driving well\"], \"variant_id\": 189}, {\"name\": \"2024 Kia K5 EX\", \"score\": 46.00060739224, \"reasons\": [\"fits city driving well\"], \"variant_id\": 545}]}, \"needs_clarification\": false}','2026-03-19 06:23:21'),(139,10,'assistant','2024 Audi A6 Base looks like the strongest fit for the profile you shared. The main reasons are that it fits city driving well. A close alternative is 2024 BMW 3 Series xDrive if you want a slightly different balance. Current profile used: budget around 1000000000, city driving, occasional longer trips.',NULL,NULL,'2026-03-19 06:23:21'),(140,10,'user','tco',NULL,NULL,'2026-03-19 06:23:47'),(141,11,'user','hi',NULL,NULL,'2026-03-19 07:19:41'),(142,11,'tool',NULL,'small_talk','{\"meta\": {\"latency_ms\": 1, \"sources_used\": [], \"fallback_used\": false, \"route_service\": \"ConversationPolicyService\", \"services_used\": [\"IntentClassifier\", \"ConversationPolicyService\", \"AiFormatter\"], \"missing_fields\": [], \"validation_status\": \"skipped\"}, \"intent\": \"small_talk\", \"caveats\": [], \"flow_id\": \"flow_mmx53tq2_44b59n\", \"sources\": [], \"evidence\": null, \"confidence\": 0.9, \"final_answer\": \"Hi there. I can chat a bit, but my real strength is helping with cars, pricing, comparisons, and ownership decisions.\", \"freshness_note\": null, \"context_updates\": {}, \"result_confidence\": null, \"structured_result\": {\"policy\": \"small_talk\"}, \"needs_clarification\": false}','2026-03-19 07:19:41'),(143,11,'assistant','Hi there. I can chat a bit, but my real strength is helping with cars, pricing, comparisons, and ownership decisions.',NULL,NULL,'2026-03-19 07:19:41'),(144,11,'user','nah',NULL,NULL,'2026-03-19 07:19:44'),(145,11,'assistant','Got it. So far I understand mostly shorter local trips. What budget are you targeting for the car itself? You can answer with something like \"under 1 billion VND\", \"around 30,000 USD\", \"800 million VND\".',NULL,NULL,'2026-03-19 07:19:44'),(146,11,'user','nah',NULL,NULL,'2026-03-19 07:19:59'),(147,11,'tool',NULL,'recommend_car','{\"meta\": {\"latency_ms\": 37, \"sources_used\": [\"CarVista DB\"], \"fallback_used\": false, \"route_service\": \"RecommendationService\", \"services_used\": [\"IntentClassifier\", \"ValidationGate\", \"RecommendationService\", \"AiFormatter\"], \"missing_fields\": [], \"validation_status\": \"passed\"}, \"intent\": \"recommend_car\", \"caveats\": [\"Recommendations are based on current catalog coverage, not the full market.\", \"Trim-specific equipment can vary by region.\"], \"flow_id\": \"flow_mmx53vuu_3x9d10\", \"sources\": [{\"url\": null, \"note\": null, \"type\": \"internal_db\", \"title\": \"Local catalog and market price data used for recommendation ranking\", \"trust\": \"high\", \"provider\": \"CarVista DB\", \"retrieved_at\": \"2026-03-19T07:19:59.137Z\"}], \"evidence\": null, \"confidence\": 0.72, \"final_answer\": \"2024 Audi A4 Base looks like the strongest fit for the profile you shared. A close alternative is 2024 Audi A4 Prestige if you want a slightly different balance. Current profile used: rare longer trips.\", \"freshness_note\": null, \"context_updates\": {}, \"result_confidence\": {\"label\": \"Moderate confidence\", \"score\": 0.58, \"rationale\": [\"The recommendation is grounded to the current internal catalog and buyer profile.\"]}, \"structured_result\": {\"intent\": \"recommend_car\", \"sources\": [{\"url\": null, \"note\": null, \"type\": \"internal_db\", \"title\": \"Local catalog and market price data used for recommendation ranking\", \"trust\": \"high\", \"provider\": \"CarVista DB\", \"retrieved_at\": \"2026-03-19T07:19:59.137Z\"}], \"confidence\": {\"label\": \"Moderate confidence\", \"score\": 0.58, \"rationale\": [\"The recommendation is grounded to the current internal catalog and buyer profile.\"]}, \"assumptions\": [{\"type\": \"verified\", \"label\": \"Recommendations are based on current catalog coverage, not the full market.\"}, {\"type\": \"estimated\", \"label\": \"Trim-specific equipment can vary by region.\"}], \"profile_summary\": \"rare longer trips\", \"ranked_vehicles\": [{\"name\": \"2024 Audi A4 Base\", \"score\": 4, \"reasons\": [], \"variant_id\": 775}, {\"name\": \"2024 Audi A4 Prestige\", \"score\": 4, \"reasons\": [], \"variant_id\": 777}, {\"name\": \"2024 Audi A4 S line\", \"score\": 4, \"reasons\": [], \"variant_id\": 776}]}, \"needs_clarification\": false}','2026-03-19 07:19:59'),(148,11,'assistant','2024 Audi A4 Base looks like the strongest fit for the profile you shared. A close alternative is 2024 Audi A4 Prestige if you want a slightly different balance. Current profile used: rare longer trips.',NULL,NULL,'2026-03-19 07:19:59'),(149,12,'user','Help me understand whether this car fits my needs.',NULL,NULL,'2026-03-19 09:18:38'),(150,12,'assistant','Got it. So far I understand I am still collecting your driving profile. What budget are you targeting for the car itself? You can answer with something like \"under 1 billion VND\", \"around 30,000 USD\", \"800 million VND\".',NULL,NULL,'2026-03-19 09:18:38'),(151,13,'user','hi',NULL,NULL,'2026-03-30 08:55:16'),(152,13,'tool',NULL,'small_talk','{\"meta\": {\"latency_ms\": 1, \"sources_used\": [], \"fallback_used\": false, \"route_service\": \"ConversationPolicyService\", \"services_used\": [\"IntentClassifier\", \"ConversationPolicyService\", \"AiFormatter\"], \"missing_fields\": [], \"validation_status\": \"skipped\"}, \"intent\": \"small_talk\", \"caveats\": [], \"flow_id\": \"flow_mncyd3yc_npacr0\", \"sources\": [], \"evidence\": null, \"confidence\": 0.9, \"final_answer\": \"Hi there. I can chat a bit, but my real strength is helping with cars, pricing, comparisons, and ownership decisions.\", \"freshness_note\": null, \"context_updates\": {}, \"result_confidence\": null, \"structured_result\": {\"policy\": \"small_talk\"}, \"needs_clarification\": false}','2026-03-30 08:55:16'),(153,13,'assistant','Hi there. I can chat a bit, but my real strength is helping with cars, pricing, comparisons, and ownership decisions.',NULL,NULL,'2026-03-30 08:55:16'),(154,13,'user','no',NULL,NULL,'2026-03-30 08:55:20'),(155,13,'assistant','Got it. So far I understand mostly shorter local trips. What budget are you targeting for the car itself? You can answer with something like \"under 1 billion VND\", \"around 30,000 USD\", \"800 million VND\".',NULL,NULL,'2026-03-30 08:55:20'),(156,13,'user','nio',NULL,NULL,'2026-03-30 08:55:31'),(157,13,'tool',NULL,'recommend_car','{\"meta\": {\"latency_ms\": 48, \"sources_used\": [\"CarVista DB\"], \"fallback_used\": false, \"route_service\": \"RecommendationService\", \"services_used\": [\"IntentClassifier\", \"ValidationGate\", \"RecommendationService\", \"AiFormatter\"], \"missing_fields\": [], \"validation_status\": \"passed\"}, \"intent\": \"recommend_car\", \"caveats\": [\"Recommendations are based on current catalog and listing coverage, not the full market.\", \"Trim-specific equipment can vary by region.\"], \"flow_id\": \"flow_mncyd6va_1dln2z\", \"sources\": [{\"url\": null, \"note\": null, \"type\": \"internal_db\", \"title\": \"Local catalog, marketplace listings, and market price data used for recommendation ranking\", \"trust\": \"high\", \"provider\": \"CarVista DB\", \"retrieved_at\": \"2026-03-30T08:55:31.870Z\"}], \"evidence\": null, \"confidence\": 0.72, \"final_answer\": \"2024 Audi A4 Base looks like the strongest fit for the profile you shared. A close alternative is 2024 Audi A4 Prestige if you want a slightly different balance. You can open its vehicle detail page next to review specs and ownership signals. If there is no exact active listing yet, I can still send you to the closest browse path. Current profile used: rare longer trips.\", \"freshness_note\": null, \"context_updates\": {}, \"result_confidence\": {\"label\": \"Moderate confidence\", \"score\": 0.58, \"rationale\": [\"The recommendation is grounded to the current internal catalog, marketplace listings, and buyer profile.\"]}, \"structured_result\": {\"intent\": \"recommend_car\", \"sources\": [{\"url\": null, \"note\": null, \"type\": \"internal_db\", \"title\": \"Local catalog, marketplace listings, and market price data used for recommendation ranking\", \"trust\": \"high\", \"provider\": \"CarVista DB\", \"retrieved_at\": \"2026-03-30T08:55:31.870Z\"}], \"confidence\": {\"label\": \"Moderate confidence\", \"score\": 0.58, \"rationale\": [\"The recommendation is grounded to the current internal catalog, marketplace listings, and buyer profile.\"]}, \"assumptions\": [{\"type\": \"verified\", \"label\": \"Recommendations are based on current catalog and listing coverage, not the full market.\"}, {\"type\": \"estimated\", \"label\": \"Trim-specific equipment can vary by region.\"}], \"profile_summary\": \"rare longer trips\", \"ranked_vehicles\": [{\"name\": \"2024 Audi A4 Base\", \"links\": {\"vehicle_id\": 775, \"match_label\": \"Exact catalog match\", \"display_name\": \"2024 Audi A4 Base\", \"detail_page_url\": \"/catalog/775\", \"match_confidence\": 0.88, \"fallback_search_url\": \"/catalog?q=Audi+A4+Base+2024\", \"related_listing_ids\": [], \"related_listings_url\": \"/listings?variantId=775\", \"related_listings_count\": 0}, \"score\": 4, \"reasons\": [], \"variant_id\": 775}, {\"name\": \"2024 Audi A4 Prestige\", \"links\": {\"vehicle_id\": 777, \"match_label\": \"Exact catalog match\", \"display_name\": \"2024 Audi A4 Prestige\", \"detail_page_url\": \"/catalog/777\", \"match_confidence\": 0.88, \"fallback_search_url\": \"/catalog?q=Audi+A4+Prestige+2024\", \"related_listing_ids\": [], \"related_listings_url\": \"/listings?variantId=777\", \"related_listings_count\": 0}, \"score\": 4, \"reasons\": [], \"variant_id\": 777}, {\"name\": \"2024 Audi A4 S line\", \"links\": {\"vehicle_id\": 776, \"match_label\": \"Exact catalog match\", \"display_name\": \"2024 Audi A4 S line\", \"detail_page_url\": \"/catalog/776\", \"match_confidence\": 0.88, \"fallback_search_url\": \"/catalog?q=Audi+A4+S+line+2024\", \"related_listing_ids\": [], \"related_listings_url\": \"/listings?variantId=776\", \"related_listings_count\": 0}, \"score\": 4, \"reasons\": [], \"variant_id\": 776}]}, \"needs_clarification\": false}','2026-03-30 08:55:31'),(158,13,'assistant','2024 Audi A4 Base looks like the strongest fit for the profile you shared. A close alternative is 2024 Audi A4 Prestige if you want a slightly different balance. You can open its vehicle detail page next to review specs and ownership signals. If there is no exact active listing yet, I can still send you to the closest browse path. Current profile used: rare longer trips.',NULL,NULL,'2026-03-30 08:55:31'),(159,13,'user','not that',NULL,NULL,'2026-03-30 08:55:43'),(160,13,'tool',NULL,'recommend_car','{\"meta\": {\"latency_ms\": 14, \"sources_used\": [\"CarVista DB\"], \"fallback_used\": false, \"route_service\": \"RecommendationService\", \"services_used\": [\"IntentClassifier\", \"ValidationGate\", \"RecommendationService\", \"AiFormatter\"], \"missing_fields\": [], \"validation_status\": \"passed\"}, \"intent\": \"recommend_car\", \"caveats\": [\"Recommendations are based on current catalog and listing coverage, not the full market.\", \"Trim-specific equipment can vary by region.\"], \"flow_id\": \"flow_mncyd6va_1dln2z\", \"sources\": [{\"url\": null, \"note\": null, \"type\": \"internal_db\", \"title\": \"Local catalog, marketplace listings, and market price data used for recommendation ranking\", \"trust\": \"high\", \"provider\": \"CarVista DB\", \"retrieved_at\": \"2026-03-30T08:55:43.442Z\"}], \"evidence\": null, \"confidence\": 0.72, \"final_answer\": \"2024 Audi A4 Base looks like the strongest fit for the profile you shared. A close alternative is 2024 Audi A4 Prestige if you want a slightly different balance. You can open its vehicle detail page next to review specs and ownership signals. If there is no exact active listing yet, I can still send you to the closest browse path. Current profile used: rare longer trips.\", \"freshness_note\": null, \"context_updates\": {}, \"result_confidence\": {\"label\": \"Moderate confidence\", \"score\": 0.58, \"rationale\": [\"The recommendation is grounded to the current internal catalog, marketplace listings, and buyer profile.\"]}, \"structured_result\": {\"intent\": \"recommend_car\", \"sources\": [{\"url\": null, \"note\": null, \"type\": \"internal_db\", \"title\": \"Local catalog, marketplace listings, and market price data used for recommendation ranking\", \"trust\": \"high\", \"provider\": \"CarVista DB\", \"retrieved_at\": \"2026-03-30T08:55:43.442Z\"}], \"confidence\": {\"label\": \"Moderate confidence\", \"score\": 0.58, \"rationale\": [\"The recommendation is grounded to the current internal catalog, marketplace listings, and buyer profile.\"]}, \"assumptions\": [{\"type\": \"verified\", \"label\": \"Recommendations are based on current catalog and listing coverage, not the full market.\"}, {\"type\": \"estimated\", \"label\": \"Trim-specific equipment can vary by region.\"}], \"profile_summary\": \"rare longer trips\", \"ranked_vehicles\": [{\"name\": \"2024 Audi A4 Base\", \"links\": {\"vehicle_id\": 775, \"match_label\": \"Exact catalog match\", \"display_name\": \"2024 Audi A4 Base\", \"detail_page_url\": \"/catalog/775\", \"match_confidence\": 0.88, \"fallback_search_url\": \"/catalog?q=Audi+A4+Base+2024\", \"related_listing_ids\": [], \"related_listings_url\": \"/listings?variantId=775\", \"related_listings_count\": 0}, \"score\": 4, \"reasons\": [], \"variant_id\": 775}, {\"name\": \"2024 Audi A4 Prestige\", \"links\": {\"vehicle_id\": 777, \"match_label\": \"Exact catalog match\", \"display_name\": \"2024 Audi A4 Prestige\", \"detail_page_url\": \"/catalog/777\", \"match_confidence\": 0.88, \"fallback_search_url\": \"/catalog?q=Audi+A4+Prestige+2024\", \"related_listing_ids\": [], \"related_listings_url\": \"/listings?variantId=777\", \"related_listings_count\": 0}, \"score\": 4, \"reasons\": [], \"variant_id\": 777}, {\"name\": \"2024 Audi A4 S line\", \"links\": {\"vehicle_id\": 776, \"match_label\": \"Exact catalog match\", \"display_name\": \"2024 Audi A4 S line\", \"detail_page_url\": \"/catalog/776\", \"match_confidence\": 0.88, \"fallback_search_url\": \"/catalog?q=Audi+A4+S+line+2024\", \"related_listing_ids\": [], \"related_listings_url\": \"/listings?variantId=776\", \"related_listings_count\": 0}, \"score\": 4, \"reasons\": [], \"variant_id\": 776}]}, \"needs_clarification\": false}','2026-03-30 08:55:43'),(161,13,'assistant','2024 Audi A4 Base looks like the strongest fit for the profile you shared. A close alternative is 2024 Audi A4 Prestige if you want a slightly different balance. You can open its vehicle detail page next to review specs and ownership signals. If there is no exact active listing yet, I can still send you to the closest browse path. Current profile used: rare longer trips.',NULL,NULL,'2026-03-30 08:55:43'),(162,13,'user','hi',NULL,NULL,'2026-03-30 08:55:49'),(163,13,'tool',NULL,'recommend_car','{\"meta\": {\"latency_ms\": 13, \"sources_used\": [\"CarVista DB\"], \"fallback_used\": false, \"route_service\": \"RecommendationService\", \"services_used\": [\"IntentClassifier\", \"ValidationGate\", \"RecommendationService\", \"AiFormatter\"], \"missing_fields\": [], \"validation_status\": \"passed\"}, \"intent\": \"recommend_car\", \"caveats\": [\"Recommendations are based on current catalog and listing coverage, not the full market.\", \"Trim-specific equipment can vary by region.\"], \"flow_id\": \"flow_mncyd6va_1dln2z\", \"sources\": [{\"url\": null, \"note\": null, \"type\": \"internal_db\", \"title\": \"Local catalog, marketplace listings, and market price data used for recommendation ranking\", \"trust\": \"high\", \"provider\": \"CarVista DB\", \"retrieved_at\": \"2026-03-30T08:55:49.457Z\"}], \"evidence\": null, \"confidence\": 0.9, \"final_answer\": \"2024 Audi A4 Base looks like the strongest fit for the profile you shared. A close alternative is 2024 Audi A4 Prestige if you want a slightly different balance. You can open its vehicle detail page next to review specs and ownership signals. If there is no exact active listing yet, I can still send you to the closest browse path. Current profile used: rare longer trips.\", \"freshness_note\": null, \"context_updates\": {}, \"result_confidence\": {\"label\": \"Moderate confidence\", \"score\": 0.58, \"rationale\": [\"The recommendation is grounded to the current internal catalog, marketplace listings, and buyer profile.\"]}, \"structured_result\": {\"intent\": \"recommend_car\", \"sources\": [{\"url\": null, \"note\": null, \"type\": \"internal_db\", \"title\": \"Local catalog, marketplace listings, and market price data used for recommendation ranking\", \"trust\": \"high\", \"provider\": \"CarVista DB\", \"retrieved_at\": \"2026-03-30T08:55:49.457Z\"}], \"confidence\": {\"label\": \"Moderate confidence\", \"score\": 0.58, \"rationale\": [\"The recommendation is grounded to the current internal catalog, marketplace listings, and buyer profile.\"]}, \"assumptions\": [{\"type\": \"verified\", \"label\": \"Recommendations are based on current catalog and listing coverage, not the full market.\"}, {\"type\": \"estimated\", \"label\": \"Trim-specific equipment can vary by region.\"}], \"profile_summary\": \"rare longer trips\", \"ranked_vehicles\": [{\"name\": \"2024 Audi A4 Base\", \"links\": {\"vehicle_id\": 775, \"match_label\": \"Exact catalog match\", \"display_name\": \"2024 Audi A4 Base\", \"detail_page_url\": \"/catalog/775\", \"match_confidence\": 0.88, \"fallback_search_url\": \"/catalog?q=Audi+A4+Base+2024\", \"related_listing_ids\": [], \"related_listings_url\": \"/listings?variantId=775\", \"related_listings_count\": 0}, \"score\": 4, \"reasons\": [], \"variant_id\": 775}, {\"name\": \"2024 Audi A4 Prestige\", \"links\": {\"vehicle_id\": 777, \"match_label\": \"Exact catalog match\", \"display_name\": \"2024 Audi A4 Prestige\", \"detail_page_url\": \"/catalog/777\", \"match_confidence\": 0.88, \"fallback_search_url\": \"/catalog?q=Audi+A4+Prestige+2024\", \"related_listing_ids\": [], \"related_listings_url\": \"/listings?variantId=777\", \"related_listings_count\": 0}, \"score\": 4, \"reasons\": [], \"variant_id\": 777}, {\"name\": \"2024 Audi A4 S line\", \"links\": {\"vehicle_id\": 776, \"match_label\": \"Exact catalog match\", \"display_name\": \"2024 Audi A4 S line\", \"detail_page_url\": \"/catalog/776\", \"match_confidence\": 0.88, \"fallback_search_url\": \"/catalog?q=Audi+A4+S+line+2024\", \"related_listing_ids\": [], \"related_listings_url\": \"/listings?variantId=776\", \"related_listings_count\": 0}, \"score\": 4, \"reasons\": [], \"variant_id\": 776}]}, \"needs_clarification\": false}','2026-03-30 08:55:49'),(164,13,'assistant','2024 Audi A4 Base looks like the strongest fit for the profile you shared. A close alternative is 2024 Audi A4 Prestige if you want a slightly different balance. You can open its vehicle detail page next to review specs and ownership signals. If there is no exact active listing yet, I can still send you to the closest browse path. Current profile used: rare longer trips.',NULL,NULL,'2026-03-30 08:55:49'),(165,14,'user','I need a family SUV for mostly city driving.',NULL,NULL,'2026-03-30 08:56:11'),(166,14,'tool',NULL,'vehicle_general_qa','{\"meta\": {\"latency_ms\": 15, \"sources_used\": [], \"fallback_used\": false, \"route_service\": \"VehicleKnowledgeService\", \"services_used\": [\"IntentClassifier\", \"ValidationGate\", \"VehicleKnowledgeService\", \"AiFormatter\"], \"missing_fields\": [], \"validation_status\": \"passed\"}, \"intent\": \"vehicle_general_qa\", \"caveats\": [\"The assistant intentionally avoided guessing the exact car.\"], \"flow_id\": \"flow_mncyea3i_ky4kkj\", \"sources\": [], \"evidence\": {\"inferred\": [], \"verified\": [], \"estimated\": []}, \"confidence\": 0.82, \"final_answer\": \"I can help, but I need a clearer vehicle reference first. Give me the make, model, year, or open a vehicle detail page before asking. Key points: No single vehicle could be grounded confidently from the current message..\", \"freshness_note\": null, \"context_updates\": {}, \"result_confidence\": {\"label\": \"Low confidence\", \"score\": 0.22, \"rationale\": [\"The message did not resolve to a single grounded vehicle record.\"]}, \"structured_result\": {\"topic\": \"Vehicle clarification needed\", \"intent\": \"vehicle_general_qa\", \"sources\": [], \"confidence\": {\"label\": \"Low confidence\", \"score\": 0.22, \"rationale\": [\"The message did not resolve to a single grounded vehicle record.\"]}, \"highlights\": [\"No single vehicle could be grounded confidently from the current message.\"], \"variant_id\": null, \"assumptions\": [{\"type\": \"estimated\", \"label\": \"The assistant intentionally avoided guessing the exact car.\"}], \"direct_answer\": \"I can help, but I need a clearer vehicle reference first. Give me the make, model, year, or open a vehicle detail page before asking.\"}, \"needs_clarification\": false}','2026-03-30 08:56:11'),(167,14,'assistant','I can help, but I need a clearer vehicle reference first. Give me the make, model, year, or open a vehicle detail page before asking. Key points: No single vehicle could be grounded confidently from the current message..',NULL,NULL,'2026-03-30 08:56:11'),(168,17,'user','hi',NULL,NULL,'2026-03-30 09:40:21'),(169,17,'tool',NULL,'small_talk','{\"meta\": {\"latency_ms\": 1, \"sources_used\": [], \"fallback_used\": false, \"route_service\": \"ConversationPolicyService\", \"services_used\": [\"IntentClassifier\", \"ConversationPolicyService\", \"AiFormatter\"], \"missing_fields\": [], \"validation_status\": \"skipped\"}, \"intent\": \"small_talk\", \"caveats\": [], \"flow_id\": \"flow_mnczz31e_zbluno\", \"sources\": [], \"evidence\": null, \"confidence\": 0.9, \"final_answer\": \"Hi there. I can chat a bit, but my real strength is helping with cars, pricing, comparisons, and ownership decisions.\", \"freshness_note\": null, \"context_updates\": {}, \"result_confidence\": null, \"structured_result\": {\"policy\": \"small_talk\"}, \"needs_clarification\": false}','2026-03-30 09:40:21'),(170,17,'assistant','Hi there. I can chat a bit, but my real strength is helping with cars, pricing, comparisons, and ownership decisions.',NULL,NULL,'2026-03-30 09:40:21'),(171,17,'user','no',NULL,NULL,'2026-03-30 09:40:24'),(172,17,'assistant','Got it. So far I understand mostly shorter local trips. What budget are you targeting for the car itself? You can answer with something like \"under 1 billion VND\", \"around 30,000 USD\", \"800 million VND\".',NULL,NULL,'2026-03-30 09:40:24'),(173,18,'user','hi',NULL,NULL,'2026-03-30 09:40:32'),(174,18,'tool',NULL,'small_talk','{\"meta\": {\"latency_ms\": 1, \"sources_used\": [], \"fallback_used\": false, \"route_service\": \"ConversationPolicyService\", \"services_used\": [\"IntentClassifier\", \"ConversationPolicyService\", \"AiFormatter\"], \"missing_fields\": [], \"validation_status\": \"skipped\"}, \"intent\": \"small_talk\", \"caveats\": [], \"flow_id\": \"flow_mnczzbbs_acpszb\", \"sources\": [], \"evidence\": null, \"confidence\": 0.9, \"final_answer\": \"Hi there. I can chat a bit, but my real strength is helping with cars, pricing, comparisons, and ownership decisions.\", \"freshness_note\": null, \"context_updates\": {}, \"result_confidence\": null, \"structured_result\": {\"policy\": \"small_talk\"}, \"needs_clarification\": false}','2026-03-30 09:40:32'),(175,18,'assistant','Hi there. I can chat a bit, but my real strength is helping with cars, pricing, comparisons, and ownership decisions.',NULL,NULL,'2026-03-30 09:40:32'),(176,18,'user','I need a sport car',NULL,NULL,'2026-03-30 09:40:48'),(177,18,'assistant','Got it. So far I understand I am still collecting your driving profile. What budget are you targeting for the car itself? You can answer with something like \"under 1 billion VND\", \"around 30,000 USD\", \"800 million VND\".',NULL,NULL,'2026-03-30 09:40:49'),(178,18,'user','above 1 billion VND',NULL,NULL,'2026-03-30 09:41:05'),(179,18,'tool',NULL,'recommend_car','{\"meta\": {\"latency_ms\": 23, \"sources_used\": [\"CarVista DB\"], \"fallback_used\": false, \"route_service\": \"RecommendationService\", \"services_used\": [\"IntentClassifier\", \"ValidationGate\", \"RecommendationService\", \"AiFormatter\"], \"missing_fields\": [], \"validation_status\": \"passed\"}, \"intent\": \"recommend_car\", \"caveats\": [\"Recommendations are based on current catalog and listing coverage, not the full market.\", \"Trim-specific equipment can vary by region.\"], \"flow_id\": \"flow_mnczzoay_whwhmu\", \"sources\": [{\"url\": null, \"note\": null, \"type\": \"internal_db\", \"title\": \"Local catalog, marketplace listings, and market price data used for recommendation ranking\", \"trust\": \"high\", \"provider\": \"CarVista DB\", \"retrieved_at\": \"2026-03-30T09:41:05.665Z\"}], \"evidence\": null, \"confidence\": 0.82, \"final_answer\": \"2024 Honda Civic e:HEV RS looks like the strongest fit for the profile you shared. A close alternative is 2024 Honda Civic e:HEV RS if you want a slightly different balance. You can open its vehicle detail page next to review specs and ownership signals. There are already 2 related listing(s) available to browse. Current profile used: budget around 1000000000.\", \"freshness_note\": null, \"context_updates\": {}, \"result_confidence\": {\"label\": \"Moderate confidence\", \"score\": 0.5, \"rationale\": [\"The recommendation is grounded to the current internal catalog, marketplace listings, and buyer profile.\"]}, \"structured_result\": {\"intent\": \"recommend_car\", \"sources\": [{\"url\": null, \"note\": null, \"type\": \"internal_db\", \"title\": \"Local catalog, marketplace listings, and market price data used for recommendation ranking\", \"trust\": \"high\", \"provider\": \"CarVista DB\", \"retrieved_at\": \"2026-03-30T09:41:05.665Z\"}], \"confidence\": {\"label\": \"Moderate confidence\", \"score\": 0.5, \"rationale\": [\"The recommendation is grounded to the current internal catalog, marketplace listings, and buyer profile.\"]}, \"assumptions\": [{\"type\": \"verified\", \"label\": \"Recommendations are based on current catalog and listing coverage, not the full market.\"}, {\"type\": \"estimated\", \"label\": \"Trim-specific equipment can vary by region.\"}], \"profile_summary\": \"budget around 1000000000\", \"ranked_vehicles\": [{\"name\": \"2024 Honda Civic e:HEV RS\", \"links\": {\"vehicle_id\": 4, \"match_label\": \"Exact catalog match with active listings\", \"display_name\": \"2024 Honda Civic e:HEV RS\", \"detail_page_url\": \"/catalog/4\", \"match_confidence\": 0.98, \"fallback_search_url\": \"/catalog?q=Honda+Civic+e%3AHEV+RS+2024\", \"related_listing_ids\": [8, 12], \"related_listings_url\": \"/listings?variantId=4\", \"related_listings_count\": 2}, \"score\": 43.9, \"reasons\": [], \"variant_id\": 4}, {\"name\": \"2024 Honda Civic e:HEV RS\", \"links\": {\"vehicle_id\": 4, \"match_label\": \"Exact catalog match with active listings\", \"display_name\": \"2024 Honda Civic e:HEV RS\", \"detail_page_url\": \"/catalog/4\", \"match_confidence\": 0.98, \"fallback_search_url\": \"/catalog?q=Honda+Civic+e%3AHEV+RS+2024\", \"related_listing_ids\": [8, 12], \"related_listings_url\": \"/listings?variantId=4\", \"related_listings_count\": 2}, \"score\": 43.9, \"reasons\": [], \"variant_id\": 4}, {\"name\": \"2023 Honda Civic RS\", \"links\": {\"vehicle_id\": 3, \"match_label\": \"Exact catalog match with active listings\", \"display_name\": \"2023 Honda Civic RS\", \"detail_page_url\": \"/catalog/3\", \"match_confidence\": 0.98, \"fallback_search_url\": \"/catalog?q=Honda+Civic+RS+2023\", \"related_listing_ids\": [1, 6, 9, 10], \"related_listings_url\": \"/listings?variantId=3\", \"related_listings_count\": 4}, \"score\": 43.3, \"reasons\": [], \"variant_id\": 3}]}, \"needs_clarification\": false}','2026-03-30 09:41:05'),(180,18,'assistant','2024 Honda Civic e:HEV RS looks like the strongest fit for the profile you shared. A close alternative is 2024 Honda Civic e:HEV RS if you want a slightly different balance. You can open its vehicle detail page next to review specs and ownership signals. There are already 2 related listing(s) available to browse. Current profile used: budget around 1000000000.',NULL,NULL,'2026-03-30 09:41:05'),(181,18,'user','Calculate TCO',NULL,NULL,'2026-03-30 09:49:11'),(182,18,'tool',NULL,'recommend_car','{\"meta\": {\"latency_ms\": 8, \"sources_used\": [\"CarVista DB\"], \"fallback_used\": false, \"route_service\": \"RecommendationService\", \"services_used\": [\"IntentClassifier\", \"ValidationGate\", \"RecommendationService\", \"AiFormatter\"], \"missing_fields\": [], \"validation_status\": \"passed\"}, \"intent\": \"recommend_car\", \"caveats\": [\"Recommendations are based on current catalog and listing coverage, not the full market.\", \"Trim-specific equipment can vary by region.\"], \"flow_id\": \"flow_mnczzoay_whwhmu\", \"sources\": [{\"url\": null, \"note\": null, \"type\": \"internal_db\", \"title\": \"Local catalog, marketplace listings, and market price data used for recommendation ranking\", \"trust\": \"high\", \"provider\": \"CarVista DB\", \"retrieved_at\": \"2026-03-30T09:49:11.100Z\"}], \"evidence\": null, \"confidence\": 0.82, \"final_answer\": \"2024 Honda Civic e:HEV RS looks like the strongest fit for the profile you shared. A close alternative is 2024 Honda Civic e:HEV RS if you want a slightly different balance. You can open its vehicle detail page next to review specs and ownership signals. There are already 2 related listing(s) available to browse. Current profile used: budget around 1000000000.\", \"freshness_note\": null, \"context_updates\": {}, \"result_confidence\": {\"label\": \"Moderate confidence\", \"score\": 0.5, \"rationale\": [\"The recommendation is grounded to the current internal catalog, marketplace listings, and buyer profile.\"]}, \"structured_result\": {\"intent\": \"recommend_car\", \"sources\": [{\"url\": null, \"note\": null, \"type\": \"internal_db\", \"title\": \"Local catalog, marketplace listings, and market price data used for recommendation ranking\", \"trust\": \"high\", \"provider\": \"CarVista DB\", \"retrieved_at\": \"2026-03-30T09:49:11.100Z\"}], \"confidence\": {\"label\": \"Moderate confidence\", \"score\": 0.5, \"rationale\": [\"The recommendation is grounded to the current internal catalog, marketplace listings, and buyer profile.\"]}, \"assumptions\": [{\"type\": \"verified\", \"label\": \"Recommendations are based on current catalog and listing coverage, not the full market.\"}, {\"type\": \"estimated\", \"label\": \"Trim-specific equipment can vary by region.\"}], \"profile_summary\": \"budget around 1000000000\", \"ranked_vehicles\": [{\"name\": \"2024 Honda Civic e:HEV RS\", \"links\": {\"vehicle_id\": 4, \"match_label\": \"Exact catalog match with active listings\", \"display_name\": \"2024 Honda Civic e:HEV RS\", \"detail_page_url\": \"/catalog/4\", \"match_confidence\": 0.98, \"fallback_search_url\": \"/catalog?q=Honda+Civic+e%3AHEV+RS+2024\", \"related_listing_ids\": [8, 12], \"related_listings_url\": \"/listings?variantId=4\", \"related_listings_count\": 2}, \"score\": 43.9, \"reasons\": [], \"variant_id\": 4}, {\"name\": \"2024 Honda Civic e:HEV RS\", \"links\": {\"vehicle_id\": 4, \"match_label\": \"Exact catalog match with active listings\", \"display_name\": \"2024 Honda Civic e:HEV RS\", \"detail_page_url\": \"/catalog/4\", \"match_confidence\": 0.98, \"fallback_search_url\": \"/catalog?q=Honda+Civic+e%3AHEV+RS+2024\", \"related_listing_ids\": [8, 12], \"related_listings_url\": \"/listings?variantId=4\", \"related_listings_count\": 2}, \"score\": 43.9, \"reasons\": [], \"variant_id\": 4}, {\"name\": \"2023 Honda Civic RS\", \"links\": {\"vehicle_id\": 3, \"match_label\": \"Exact catalog match with active listings\", \"display_name\": \"2023 Honda Civic RS\", \"detail_page_url\": \"/catalog/3\", \"match_confidence\": 0.98, \"fallback_search_url\": \"/catalog?q=Honda+Civic+RS+2023\", \"related_listing_ids\": [1, 6, 9, 10], \"related_listings_url\": \"/listings?variantId=3\", \"related_listings_count\": 4}, \"score\": 43.3, \"reasons\": [], \"variant_id\": 3}]}, \"needs_clarification\": false}','2026-03-30 09:49:11'),(183,18,'assistant','2024 Honda Civic e:HEV RS looks like the strongest fit for the profile you shared. A close alternative is 2024 Honda Civic e:HEV RS if you want a slightly different balance. You can open its vehicle detail page next to review specs and ownership signals. There are already 2 related listing(s) available to browse. Current profile used: budget around 1000000000.',NULL,NULL,'2026-03-30 09:49:11'),(184,19,'user','Suggest a practical car for weekend road trips.',NULL,NULL,'2026-03-30 10:39:29'),(185,19,'tool',NULL,'vehicle_general_qa','{\"meta\": {\"latency_ms\": 12, \"sources_used\": [], \"fallback_used\": false, \"route_service\": \"VehicleKnowledgeService\", \"services_used\": [\"IntentClassifier\", \"ValidationGate\", \"VehicleKnowledgeService\", \"AiFormatter\"], \"missing_fields\": [], \"validation_status\": \"passed\"}, \"intent\": \"vehicle_general_qa\", \"caveats\": [\"The assistant intentionally avoided guessing the exact car.\"], \"flow_id\": \"flow_mnd234it_w1epw9\", \"sources\": [], \"evidence\": {\"inferred\": [], \"verified\": [], \"estimated\": []}, \"confidence\": 0.82, \"final_answer\": \"I can help, but I need a clearer vehicle reference first. Give me the make, model, year, or open a vehicle detail page before asking. Key points: No single vehicle could be grounded confidently from the current message..\", \"freshness_note\": null, \"context_updates\": {}, \"result_confidence\": {\"label\": \"Low confidence\", \"score\": 0.22, \"rationale\": [\"The message did not resolve to a single grounded vehicle record.\"]}, \"structured_result\": {\"topic\": \"Vehicle clarification needed\", \"intent\": \"vehicle_general_qa\", \"sources\": [], \"confidence\": {\"label\": \"Low confidence\", \"score\": 0.22, \"rationale\": [\"The message did not resolve to a single grounded vehicle record.\"]}, \"highlights\": [\"No single vehicle could be grounded confidently from the current message.\"], \"variant_id\": null, \"assumptions\": [{\"type\": \"estimated\", \"label\": \"The assistant intentionally avoided guessing the exact car.\"}], \"direct_answer\": \"I can help, but I need a clearer vehicle reference first. Give me the make, model, year, or open a vehicle detail page before asking.\"}, \"needs_clarification\": false}','2026-03-30 10:39:29'),(186,19,'assistant','I can help, but I need a clearer vehicle reference first. Give me the make, model, year, or open a vehicle detail page before asking. Key points: No single vehicle could be grounded confidently from the current message..',NULL,NULL,'2026-03-30 10:39:29'),(187,19,'user','sport car',NULL,NULL,'2026-03-30 10:39:42'),(188,19,'assistant','Got it. So far I understand frequent long trips. What budget are you targeting for the car itself? You can answer with something like \"under 1 billion VND\", \"around 30,000 USD\", \"800 million VND\".',NULL,NULL,'2026-03-30 10:39:42'),(189,19,'user','over 1 billion',NULL,NULL,'2026-03-30 10:39:48'),(190,19,'tool',NULL,'recommend_car','{\"meta\": {\"latency_ms\": 39, \"sources_used\": [\"CarVista DB\"], \"fallback_used\": false, \"route_service\": \"RecommendationService\", \"services_used\": [\"IntentClassifier\", \"ValidationGate\", \"RecommendationService\", \"AiFormatter\"], \"missing_fields\": [], \"validation_status\": \"passed\"}, \"intent\": \"recommend_car\", \"caveats\": [\"Recommendations are based on current catalog and listing coverage, not the full market.\", \"Trim-specific equipment can vary by region.\"], \"flow_id\": \"flow_mnd23efa_guv149\", \"sources\": [{\"url\": null, \"note\": null, \"type\": \"internal_db\", \"title\": \"Local catalog, marketplace listings, and market price data used for recommendation ranking\", \"trust\": \"high\", \"provider\": \"CarVista DB\", \"retrieved_at\": \"2026-03-30T10:39:48.395Z\"}], \"evidence\": null, \"confidence\": 0.82, \"final_answer\": \"2024 Honda Civic e:HEV RS looks like the strongest fit for the profile you shared, and I would call it a good fit. It stands out because it is easier to recommend for frequent long-distance use, fits your budget without stretching into the next price tier, has slightly tighter supply, which can help value retention if demand stays steady. Current market context: 1 live-style market signal(s), average asking near 894,699,000, price spread about 0.0%. The main watch-out is that it still has a thin local owner-feedback sample, so reliability confidence is not as strong as it could be. 2024 Honda Civic e:HEV RS is the closest alternative because it is easier to recommend for frequent long-distance use, but it does not rank first because it still has a thin local owner-feedback sample, so reliability confidence is not as strong as it could be. You can open its vehicle detail page next to review specs and ownership signals. There are already 3 related listing(s) available to browse. Current profile used: budget around 1000000000, frequent longer trips.\", \"freshness_note\": null, \"context_updates\": {}, \"result_confidence\": {\"label\": \"Good confidence\", \"score\": 0.79, \"rationale\": [\"The recommendation is grounded to the current internal catalog, marketplace listings, and buyer profile.\", \"Persisted market-signal snapshots improved the ranking.\", \"Local owner-review data was used where available.\"]}, \"structured_result\": {\"intent\": \"recommend_car\", \"sources\": [{\"url\": null, \"note\": null, \"type\": \"internal_db\", \"title\": \"Local catalog, marketplace listings, and market price data used for recommendation ranking\", \"trust\": \"high\", \"provider\": \"CarVista DB\", \"retrieved_at\": \"2026-03-30T10:39:48.395Z\"}], \"confidence\": {\"label\": \"Good confidence\", \"score\": 0.79, \"rationale\": [\"The recommendation is grounded to the current internal catalog, marketplace listings, and buyer profile.\", \"Persisted market-signal snapshots improved the ranking.\", \"Local owner-review data was used where available.\"]}, \"assumptions\": [{\"type\": \"verified\", \"label\": \"Recommendations are based on current catalog and listing coverage, not the full market.\"}, {\"type\": \"estimated\", \"label\": \"Trim-specific equipment can vary by region.\"}], \"profile_summary\": \"budget around 1000000000, frequent longer trips\", \"ranked_vehicles\": [{\"name\": \"2024 Honda Civic e:HEV RS\", \"links\": {\"vehicle_id\": 6, \"match_label\": \"Exact catalog match with active listings\", \"display_name\": \"2024 Honda Civic e:HEV RS\", \"detail_page_url\": \"/catalog/6\", \"match_confidence\": 0.98, \"fallback_search_url\": \"/catalog?q=Honda+Civic+e%3AHEV+RS+2024\", \"related_listing_ids\": [36, 15, 65], \"related_listings_url\": \"/listings?variantId=6\", \"related_listings_count\": 3}, \"score\": 64.6, \"caveats\": [\"still has a thin local owner-feedback sample, so reliability confidence is not as strong as it could be\"], \"reasons\": [\"is easier to recommend for frequent long-distance use\", \"fits your budget without stretching into the next price tier\", \"has slightly tighter supply, which can help value retention if demand stays steady\"], \"fit_label\": \"Good fit\", \"variant_id\": 6, \"market_summary\": \"1 live-style market signal(s), average asking near 894,699,000, price spread about 0.0%\"}, {\"name\": \"2024 Honda Civic e:HEV RS\", \"links\": {\"vehicle_id\": 6, \"match_label\": \"Exact catalog match with active listings\", \"display_name\": \"2024 Honda Civic e:HEV RS\", \"detail_page_url\": \"/catalog/6\", \"match_confidence\": 0.98, \"fallback_search_url\": \"/catalog?q=Honda+Civic+e%3AHEV+RS+2024\", \"related_listing_ids\": [36, 15, 65], \"related_listings_url\": \"/listings?variantId=6\", \"related_listings_count\": 3}, \"score\": 64.5, \"caveats\": [\"still has a thin local owner-feedback sample, so reliability confidence is not as strong as it could be\"], \"reasons\": [\"is easier to recommend for frequent long-distance use\", \"fits your budget without stretching into the next price tier\", \"has slightly tighter supply, which can help value retention if demand stays steady\"], \"fit_label\": \"Good fit\", \"variant_id\": 6, \"market_summary\": \"1 live-style market signal(s), average asking near 894,699,000, price spread about 0.0%\"}, {\"name\": \"2023 Honda Civic RS\", \"links\": {\"vehicle_id\": 5, \"match_label\": \"Exact catalog match with active listings\", \"display_name\": \"2023 Honda Civic RS\", \"detail_page_url\": \"/catalog/5\", \"match_confidence\": 0.98, \"fallback_search_url\": \"/catalog?q=Honda+Civic+RS+2023\", \"related_listing_ids\": [10, 3, 51], \"related_listings_url\": \"/listings?variantId=5\", \"related_listings_count\": 3}, \"score\": 62.7, \"caveats\": [\"still has a thin local owner-feedback sample, so reliability confidence is not as strong as it could be\"], \"reasons\": [\"is easier to recommend for frequent long-distance use\", \"fits your budget without stretching into the next price tier\", \"has healthier market activity without unusually volatile asking prices\"], \"fit_label\": \"Good fit\", \"variant_id\": 5, \"market_summary\": \"2 live-style market signal(s), average asking near 757,922,500, price spread about 1.1%\"}]}, \"needs_clarification\": false}','2026-03-30 10:39:48'),(191,19,'assistant','2024 Honda Civic e:HEV RS looks like the strongest fit for the profile you shared, and I would call it a good fit. It stands out because it is easier to recommend for frequent long-distance use, fits your budget without stretching into the next price tier, has slightly tighter supply, which can help value retention if demand stays steady. Current market context: 1 live-style market signal(s), average asking near 894,699,000, price spread about 0.0%. The main watch-out is that it still has a thin local owner-feedback sample, so reliability confidence is not as strong as it could be. 2024 Honda Civic e:HEV RS is the closest alternative because it is easier to recommend for frequent long-distance use, but it does not rank first because it still has a thin local owner-feedback sample, so reliability confidence is not as strong as it could be. You can open its vehicle detail page next to review specs and ownership signals. There are already 3 related listing(s) available to browse. Current profile used: budget around 1000000000, frequent longer trips.',NULL,NULL,'2026-03-30 10:39:48'),(192,20,'user','i need a sport car',NULL,NULL,'2026-03-30 14:04:58'),(193,20,'assistant','Got it. So far I understand I am still collecting your driving profile. What budget are you targeting for the car itself? You can answer with something like \"under 1 billion VND\", \"around 30,000 USD\", \"800 million VND\".',NULL,NULL,'2026-03-30 14:04:58'),(194,20,'user','under 1 billion VND',NULL,NULL,'2026-03-30 14:05:10'),(195,20,'tool',NULL,'recommend_car','{\"meta\": {\"latency_ms\": 42, \"sources_used\": [\"CarVista DB\"], \"fallback_used\": false, \"route_service\": \"RecommendationService\", \"services_used\": [\"IntentClassifier\", \"ValidationGate\", \"RecommendationService\", \"AiFormatter\"], \"missing_fields\": [], \"validation_status\": \"passed\"}, \"intent\": \"recommend_car\", \"caveats\": [\"Recommendations are based on current catalog and listing coverage, not the full market.\", \"Trim-specific equipment can vary by region.\"], \"flow_id\": \"flow_mnd9fdpb_b6vgat\", \"sources\": [{\"url\": null, \"note\": null, \"type\": \"internal_db\", \"title\": \"Local catalog, marketplace listings, and market price data used for recommendation ranking\", \"trust\": \"high\", \"provider\": \"CarVista DB\", \"retrieved_at\": \"2026-03-30T14:05:10.131Z\"}], \"evidence\": null, \"confidence\": 0.82, \"final_answer\": \"2024 Honda Civic e:HEV RS looks like the strongest fit for the profile you shared, and I would call it a good fit. It stands out because it fits your budget without stretching into the next price tier, has slightly tighter supply, which can help value retention if demand stays steady. Current market context: 1 live-style market signal(s), average asking near 894,699,000, price spread about 0.0%. The main watch-out is that it still has a thin local owner-feedback sample, so reliability confidence is not as strong as it could be. 2024 Honda Civic e:HEV RS is the closest alternative because it fits your budget without stretching into the next price tier, but it does not rank first because it still has a thin local owner-feedback sample, so reliability confidence is not as strong as it could be. You can open its vehicle detail page next to review specs and ownership signals. There are already 3 related listing(s) available to browse. Current profile used: budget around 1000000000.\", \"freshness_note\": null, \"context_updates\": {}, \"result_confidence\": {\"label\": \"Good confidence\", \"score\": 0.6499999999999999, \"rationale\": [\"The recommendation is grounded to the current internal catalog, marketplace listings, and buyer profile.\", \"Persisted market-signal snapshots improved the ranking.\", \"Local owner-review data was used where available.\"]}, \"structured_result\": {\"intent\": \"recommend_car\", \"sources\": [{\"url\": null, \"note\": null, \"type\": \"internal_db\", \"title\": \"Local catalog, marketplace listings, and market price data used for recommendation ranking\", \"trust\": \"high\", \"provider\": \"CarVista DB\", \"retrieved_at\": \"2026-03-30T14:05:10.131Z\"}], \"confidence\": {\"label\": \"Good confidence\", \"score\": 0.6499999999999999, \"rationale\": [\"The recommendation is grounded to the current internal catalog, marketplace listings, and buyer profile.\", \"Persisted market-signal snapshots improved the ranking.\", \"Local owner-review data was used where available.\"]}, \"assumptions\": [{\"type\": \"verified\", \"label\": \"Recommendations are based on current catalog and listing coverage, not the full market.\"}, {\"type\": \"estimated\", \"label\": \"Trim-specific equipment can vary by region.\"}], \"profile_summary\": \"budget around 1000000000\", \"ranked_vehicles\": [{\"name\": \"2024 Honda Civic e:HEV RS\", \"links\": {\"vehicle_id\": 6, \"match_label\": \"Exact catalog match with active listings\", \"display_name\": \"2024 Honda Civic e:HEV RS\", \"detail_page_url\": \"/catalog/6\", \"match_confidence\": 0.98, \"fallback_search_url\": \"/catalog?q=Honda+Civic+e%3AHEV+RS+2024\", \"related_listing_ids\": [36, 15, 65], \"related_listings_url\": \"/listings?variantId=6\", \"related_listings_count\": 3}, \"score\": 56.6, \"caveats\": [\"still has a thin local owner-feedback sample, so reliability confidence is not as strong as it could be\"], \"reasons\": [\"fits your budget without stretching into the next price tier\", \"has slightly tighter supply, which can help value retention if demand stays steady\"], \"fit_label\": \"Good fit\", \"variant_id\": 6, \"market_summary\": \"1 live-style market signal(s), average asking near 894,699,000, price spread about 0.0%\"}, {\"name\": \"2024 Honda Civic e:HEV RS\", \"links\": {\"vehicle_id\": 6, \"match_label\": \"Exact catalog match with active listings\", \"display_name\": \"2024 Honda Civic e:HEV RS\", \"detail_page_url\": \"/catalog/6\", \"match_confidence\": 0.98, \"fallback_search_url\": \"/catalog?q=Honda+Civic+e%3AHEV+RS+2024\", \"related_listing_ids\": [36, 15, 65], \"related_listings_url\": \"/listings?variantId=6\", \"related_listings_count\": 3}, \"score\": 56.5, \"caveats\": [\"still has a thin local owner-feedback sample, so reliability confidence is not as strong as it could be\"], \"reasons\": [\"fits your budget without stretching into the next price tier\", \"has slightly tighter supply, which can help value retention if demand stays steady\"], \"fit_label\": \"Good fit\", \"variant_id\": 6, \"market_summary\": \"1 live-style market signal(s), average asking near 894,699,000, price spread about 0.0%\"}, {\"name\": \"2023 Honda Civic RS\", \"links\": {\"vehicle_id\": 5, \"match_label\": \"Exact catalog match with active listings\", \"display_name\": \"2023 Honda Civic RS\", \"detail_page_url\": \"/catalog/5\", \"match_confidence\": 0.98, \"fallback_search_url\": \"/catalog?q=Honda+Civic+RS+2023\", \"related_listing_ids\": [10, 3, 51], \"related_listings_url\": \"/listings?variantId=5\", \"related_listings_count\": 3}, \"score\": 54.7, \"caveats\": [\"still has a thin local owner-feedback sample, so reliability confidence is not as strong as it could be\"], \"reasons\": [\"fits your budget without stretching into the next price tier\", \"has healthier market activity without unusually volatile asking prices\"], \"fit_label\": \"Good fit\", \"variant_id\": 5, \"market_summary\": \"2 live-style market signal(s), average asking near 757,922,500, price spread about 1.1%\"}]}, \"needs_clarification\": false}','2026-03-30 14:05:10'),(196,20,'assistant','2024 Honda Civic e:HEV RS looks like the strongest fit for the profile you shared, and I would call it a good fit. It stands out because it fits your budget without stretching into the next price tier, has slightly tighter supply, which can help value retention if demand stays steady. Current market context: 1 live-style market signal(s), average asking near 894,699,000, price spread about 0.0%. The main watch-out is that it still has a thin local owner-feedback sample, so reliability confidence is not as strong as it could be. 2024 Honda Civic e:HEV RS is the closest alternative because it fits your budget without stretching into the next price tier, but it does not rank first because it still has a thin local owner-feedback sample, so reliability confidence is not as strong as it could be. You can open its vehicle detail page next to review specs and ownership signals. There are already 3 related listing(s) available to browse. Current profile used: budget around 1000000000.',NULL,NULL,'2026-03-30 14:05:10'),(197,20,'user','hi',NULL,NULL,'2026-03-30 14:05:48'),(198,20,'assistant','I want to make sure I understood your last reply correctly. Right now I know budget around 1 billion VND. Are you looking for something close to new, definitely used, or are you open to either? You can answer with something like \"new only\", \"used is fine\", \"either works\".',NULL,NULL,'2026-03-30 14:05:48'),(199,20,'user','new conversation please',NULL,NULL,'2026-03-30 14:05:55'),(200,20,'tool',NULL,'recommend_car','{\"meta\": {\"latency_ms\": 15, \"sources_used\": [\"CarVista DB\"], \"fallback_used\": false, \"route_service\": \"RecommendationService\", \"services_used\": [\"IntentClassifier\", \"ValidationGate\", \"RecommendationService\", \"AiFormatter\"], \"missing_fields\": [], \"validation_status\": \"passed\"}, \"intent\": \"recommend_car\", \"caveats\": [\"Recommendations are based on current catalog and listing coverage, not the full market.\", \"Trim-specific equipment can vary by region.\"], \"flow_id\": \"flow_mnd9fdpb_b6vgat\", \"sources\": [{\"url\": null, \"note\": null, \"type\": \"internal_db\", \"title\": \"Local catalog, marketplace listings, and market price data used for recommendation ranking\", \"trust\": \"high\", \"provider\": \"CarVista DB\", \"retrieved_at\": \"2026-03-30T14:05:55.080Z\"}], \"evidence\": null, \"confidence\": 0.82, \"final_answer\": \"2024 Honda Civic e:HEV RS looks like the strongest fit for the profile you shared, and I would call it a good fit. It stands out because it fits your budget without stretching into the next price tier, has slightly tighter supply, which can help value retention if demand stays steady. Current market context: 1 live-style market signal(s), average asking near 894,699,000, price spread about 0.0%. The main watch-out is that it still has a thin local owner-feedback sample, so reliability confidence is not as strong as it could be. 2024 Honda Civic e:HEV RS is the closest alternative because it fits your budget without stretching into the next price tier, but it does not rank first because it still has a thin local owner-feedback sample, so reliability confidence is not as strong as it could be. You can open its vehicle detail page next to review specs and ownership signals. There are already 3 related listing(s) available to browse. Current profile used: budget around 1000000000.\", \"freshness_note\": null, \"context_updates\": {}, \"result_confidence\": {\"label\": \"Good confidence\", \"score\": 0.72, \"rationale\": [\"The recommendation is grounded to the current internal catalog, marketplace listings, and buyer profile.\", \"Persisted market-signal snapshots improved the ranking.\", \"Local owner-review data was used where available.\"]}, \"structured_result\": {\"intent\": \"recommend_car\", \"sources\": [{\"url\": null, \"note\": null, \"type\": \"internal_db\", \"title\": \"Local catalog, marketplace listings, and market price data used for recommendation ranking\", \"trust\": \"high\", \"provider\": \"CarVista DB\", \"retrieved_at\": \"2026-03-30T14:05:55.080Z\"}], \"confidence\": {\"label\": \"Good confidence\", \"score\": 0.72, \"rationale\": [\"The recommendation is grounded to the current internal catalog, marketplace listings, and buyer profile.\", \"Persisted market-signal snapshots improved the ranking.\", \"Local owner-review data was used where available.\"]}, \"assumptions\": [{\"type\": \"verified\", \"label\": \"Recommendations are based on current catalog and listing coverage, not the full market.\"}, {\"type\": \"estimated\", \"label\": \"Trim-specific equipment can vary by region.\"}], \"profile_summary\": \"budget around 1000000000\", \"ranked_vehicles\": [{\"name\": \"2024 Honda Civic e:HEV RS\", \"links\": {\"vehicle_id\": 6, \"match_label\": \"Exact catalog match with active listings\", \"display_name\": \"2024 Honda Civic e:HEV RS\", \"detail_page_url\": \"/catalog/6\", \"match_confidence\": 0.98, \"fallback_search_url\": \"/catalog?q=Honda+Civic+e%3AHEV+RS+2024\", \"related_listing_ids\": [36, 15, 65], \"related_listings_url\": \"/listings?variantId=6\", \"related_listings_count\": 3}, \"score\": 56.6, \"caveats\": [\"still has a thin local owner-feedback sample, so reliability confidence is not as strong as it could be\"], \"reasons\": [\"fits your budget without stretching into the next price tier\", \"has slightly tighter supply, which can help value retention if demand stays steady\"], \"fit_label\": \"Good fit\", \"variant_id\": 6, \"market_summary\": \"1 live-style market signal(s), average asking near 894,699,000, price spread about 0.0%\"}, {\"name\": \"2024 Honda Civic e:HEV RS\", \"links\": {\"vehicle_id\": 6, \"match_label\": \"Exact catalog match with active listings\", \"display_name\": \"2024 Honda Civic e:HEV RS\", \"detail_page_url\": \"/catalog/6\", \"match_confidence\": 0.98, \"fallback_search_url\": \"/catalog?q=Honda+Civic+e%3AHEV+RS+2024\", \"related_listing_ids\": [36, 15, 65], \"related_listings_url\": \"/listings?variantId=6\", \"related_listings_count\": 3}, \"score\": 56.5, \"caveats\": [\"still has a thin local owner-feedback sample, so reliability confidence is not as strong as it could be\"], \"reasons\": [\"fits your budget without stretching into the next price tier\", \"has slightly tighter supply, which can help value retention if demand stays steady\"], \"fit_label\": \"Good fit\", \"variant_id\": 6, \"market_summary\": \"1 live-style market signal(s), average asking near 894,699,000, price spread about 0.0%\"}, {\"name\": \"2023 Honda Civic RS\", \"links\": {\"vehicle_id\": 5, \"match_label\": \"Exact catalog match with active listings\", \"display_name\": \"2023 Honda Civic RS\", \"detail_page_url\": \"/catalog/5\", \"match_confidence\": 0.98, \"fallback_search_url\": \"/catalog?q=Honda+Civic+RS+2023\", \"related_listing_ids\": [10, 3, 51], \"related_listings_url\": \"/listings?variantId=5\", \"related_listings_count\": 3}, \"score\": 54.7, \"caveats\": [\"still has a thin local owner-feedback sample, so reliability confidence is not as strong as it could be\"], \"reasons\": [\"fits your budget without stretching into the next price tier\", \"has healthier market activity without unusually volatile asking prices\"], \"fit_label\": \"Good fit\", \"variant_id\": 5, \"market_summary\": \"2 live-style market signal(s), average asking near 757,922,500, price spread about 1.1%\"}]}, \"needs_clarification\": false}','2026-03-30 14:05:55'),(201,20,'assistant','2024 Honda Civic e:HEV RS looks like the strongest fit for the profile you shared, and I would call it a good fit. It stands out because it fits your budget without stretching into the next price tier, has slightly tighter supply, which can help value retention if demand stays steady. Current market context: 1 live-style market signal(s), average asking near 894,699,000, price spread about 0.0%. The main watch-out is that it still has a thin local owner-feedback sample, so reliability confidence is not as strong as it could be. 2024 Honda Civic e:HEV RS is the closest alternative because it fits your budget without stretching into the next price tier, but it does not rank first because it still has a thin local owner-feedback sample, so reliability confidence is not as strong as it could be. You can open its vehicle detail page next to review specs and ownership signals. There are already 3 related listing(s) available to browse. Current profile used: budget around 1000000000.',NULL,NULL,'2026-03-30 14:05:55'),(202,20,'user','TCO cal',NULL,NULL,'2026-03-30 14:06:45'),(203,20,'tool',NULL,'recommend_car','{\"meta\": {\"latency_ms\": 14, \"sources_used\": [\"CarVista DB\"], \"fallback_used\": false, \"route_service\": \"RecommendationService\", \"services_used\": [\"IntentClassifier\", \"ValidationGate\", \"RecommendationService\", \"AiFormatter\"], \"missing_fields\": [], \"validation_status\": \"passed\"}, \"intent\": \"recommend_car\", \"caveats\": [\"Recommendations are based on current catalog and listing coverage, not the full market.\", \"Trim-specific equipment can vary by region.\"], \"flow_id\": \"flow_mnd9fdpb_b6vgat\", \"sources\": [{\"url\": null, \"note\": null, \"type\": \"internal_db\", \"title\": \"Local catalog, marketplace listings, and market price data used for recommendation ranking\", \"trust\": \"high\", \"provider\": \"CarVista DB\", \"retrieved_at\": \"2026-03-30T14:06:45.449Z\"}], \"evidence\": null, \"confidence\": 0.82, \"final_answer\": \"2024 Honda Civic e:HEV RS looks like the strongest fit for the profile you shared, and I would call it a good fit. It stands out because it fits your budget without stretching into the next price tier, has slightly tighter supply, which can help value retention if demand stays steady. Current market context: 1 live-style market signal(s), average asking near 894,699,000, price spread about 0.0%. The main watch-out is that it still has a thin local owner-feedback sample, so reliability confidence is not as strong as it could be. 2024 Honda Civic e:HEV RS is the closest alternative because it fits your budget without stretching into the next price tier, but it does not rank first because it still has a thin local owner-feedback sample, so reliability confidence is not as strong as it could be. You can open its vehicle detail page next to review specs and ownership signals. There are already 3 related listing(s) available to browse. Current profile used: budget around 1000000000.\", \"freshness_note\": null, \"context_updates\": {}, \"result_confidence\": {\"label\": \"Good confidence\", \"score\": 0.72, \"rationale\": [\"The recommendation is grounded to the current internal catalog, marketplace listings, and buyer profile.\", \"Persisted market-signal snapshots improved the ranking.\", \"Local owner-review data was used where available.\"]}, \"structured_result\": {\"intent\": \"recommend_car\", \"sources\": [{\"url\": null, \"note\": null, \"type\": \"internal_db\", \"title\": \"Local catalog, marketplace listings, and market price data used for recommendation ranking\", \"trust\": \"high\", \"provider\": \"CarVista DB\", \"retrieved_at\": \"2026-03-30T14:06:45.449Z\"}], \"confidence\": {\"label\": \"Good confidence\", \"score\": 0.72, \"rationale\": [\"The recommendation is grounded to the current internal catalog, marketplace listings, and buyer profile.\", \"Persisted market-signal snapshots improved the ranking.\", \"Local owner-review data was used where available.\"]}, \"assumptions\": [{\"type\": \"verified\", \"label\": \"Recommendations are based on current catalog and listing coverage, not the full market.\"}, {\"type\": \"estimated\", \"label\": \"Trim-specific equipment can vary by region.\"}], \"profile_summary\": \"budget around 1000000000\", \"ranked_vehicles\": [{\"name\": \"2024 Honda Civic e:HEV RS\", \"links\": {\"vehicle_id\": 6, \"match_label\": \"Exact catalog match with active listings\", \"display_name\": \"2024 Honda Civic e:HEV RS\", \"detail_page_url\": \"/catalog/6\", \"match_confidence\": 0.98, \"fallback_search_url\": \"/catalog?q=Honda+Civic+e%3AHEV+RS+2024\", \"related_listing_ids\": [36, 15, 65], \"related_listings_url\": \"/listings?variantId=6\", \"related_listings_count\": 3}, \"score\": 56.6, \"caveats\": [\"still has a thin local owner-feedback sample, so reliability confidence is not as strong as it could be\"], \"reasons\": [\"fits your budget without stretching into the next price tier\", \"has slightly tighter supply, which can help value retention if demand stays steady\"], \"fit_label\": \"Good fit\", \"variant_id\": 6, \"market_summary\": \"1 live-style market signal(s), average asking near 894,699,000, price spread about 0.0%\"}, {\"name\": \"2024 Honda Civic e:HEV RS\", \"links\": {\"vehicle_id\": 6, \"match_label\": \"Exact catalog match with active listings\", \"display_name\": \"2024 Honda Civic e:HEV RS\", \"detail_page_url\": \"/catalog/6\", \"match_confidence\": 0.98, \"fallback_search_url\": \"/catalog?q=Honda+Civic+e%3AHEV+RS+2024\", \"related_listing_ids\": [36, 15, 65], \"related_listings_url\": \"/listings?variantId=6\", \"related_listings_count\": 3}, \"score\": 56.5, \"caveats\": [\"still has a thin local owner-feedback sample, so reliability confidence is not as strong as it could be\"], \"reasons\": [\"fits your budget without stretching into the next price tier\", \"has slightly tighter supply, which can help value retention if demand stays steady\"], \"fit_label\": \"Good fit\", \"variant_id\": 6, \"market_summary\": \"1 live-style market signal(s), average asking near 894,699,000, price spread about 0.0%\"}, {\"name\": \"2023 Honda Civic RS\", \"links\": {\"vehicle_id\": 5, \"match_label\": \"Exact catalog match with active listings\", \"display_name\": \"2023 Honda Civic RS\", \"detail_page_url\": \"/catalog/5\", \"match_confidence\": 0.98, \"fallback_search_url\": \"/catalog?q=Honda+Civic+RS+2023\", \"related_listing_ids\": [10, 3, 51], \"related_listings_url\": \"/listings?variantId=5\", \"related_listings_count\": 3}, \"score\": 54.7, \"caveats\": [\"still has a thin local owner-feedback sample, so reliability confidence is not as strong as it could be\"], \"reasons\": [\"fits your budget without stretching into the next price tier\", \"has healthier market activity without unusually volatile asking prices\"], \"fit_label\": \"Good fit\", \"variant_id\": 5, \"market_summary\": \"2 live-style market signal(s), average asking near 757,922,500, price spread about 1.1%\"}]}, \"needs_clarification\": false}','2026-03-30 14:06:45'),(204,20,'assistant','2024 Honda Civic e:HEV RS looks like the strongest fit for the profile you shared, and I would call it a good fit. It stands out because it fits your budget without stretching into the next price tier, has slightly tighter supply, which can help value retention if demand stays steady. Current market context: 1 live-style market signal(s), average asking near 894,699,000, price spread about 0.0%. The main watch-out is that it still has a thin local owner-feedback sample, so reliability confidence is not as strong as it could be. 2024 Honda Civic e:HEV RS is the closest alternative because it fits your budget without stretching into the next price tier, but it does not rank first because it still has a thin local owner-feedback sample, so reliability confidence is not as strong as it could be. You can open its vehicle detail page next to review specs and ownership signals. There are already 3 related listing(s) available to browse. Current profile used: budget around 1000000000.',NULL,NULL,'2026-03-30 14:06:45'),(205,20,'user','i need to calculate the TCO',NULL,NULL,'2026-03-30 14:06:54'),(206,20,'tool',NULL,'recommend_car','{\"meta\": {\"latency_ms\": 14, \"sources_used\": [\"CarVista DB\"], \"fallback_used\": false, \"route_service\": \"RecommendationService\", \"services_used\": [\"IntentClassifier\", \"ValidationGate\", \"RecommendationService\", \"AiFormatter\"], \"missing_fields\": [], \"validation_status\": \"passed\"}, \"intent\": \"recommend_car\", \"caveats\": [\"Recommendations are based on current catalog and listing coverage, not the full market.\", \"Trim-specific equipment can vary by region.\"], \"flow_id\": \"flow_mnd9fdpb_b6vgat\", \"sources\": [{\"url\": null, \"note\": null, \"type\": \"internal_db\", \"title\": \"Local catalog, marketplace listings, and market price data used for recommendation ranking\", \"trust\": \"high\", \"provider\": \"CarVista DB\", \"retrieved_at\": \"2026-03-30T14:06:54.740Z\"}], \"evidence\": null, \"confidence\": 0.82, \"final_answer\": \"2024 Honda Civic e:HEV RS looks like the strongest fit for the profile you shared, and I would call it a good fit. It stands out because it fits your budget without stretching into the next price tier, has slightly tighter supply, which can help value retention if demand stays steady. Current market context: 1 live-style market signal(s), average asking near 894,699,000, price spread about 0.0%. The main watch-out is that it still has a thin local owner-feedback sample, so reliability confidence is not as strong as it could be. 2024 Honda Civic e:HEV RS is the closest alternative because it fits your budget without stretching into the next price tier, but it does not rank first because it still has a thin local owner-feedback sample, so reliability confidence is not as strong as it could be. You can open its vehicle detail page next to review specs and ownership signals. There are already 3 related listing(s) available to browse. Current profile used: budget around 1000000000.\", \"freshness_note\": null, \"context_updates\": {}, \"result_confidence\": {\"label\": \"Good confidence\", \"score\": 0.72, \"rationale\": [\"The recommendation is grounded to the current internal catalog, marketplace listings, and buyer profile.\", \"Persisted market-signal snapshots improved the ranking.\", \"Local owner-review data was used where available.\"]}, \"structured_result\": {\"intent\": \"recommend_car\", \"sources\": [{\"url\": null, \"note\": null, \"type\": \"internal_db\", \"title\": \"Local catalog, marketplace listings, and market price data used for recommendation ranking\", \"trust\": \"high\", \"provider\": \"CarVista DB\", \"retrieved_at\": \"2026-03-30T14:06:54.740Z\"}], \"confidence\": {\"label\": \"Good confidence\", \"score\": 0.72, \"rationale\": [\"The recommendation is grounded to the current internal catalog, marketplace listings, and buyer profile.\", \"Persisted market-signal snapshots improved the ranking.\", \"Local owner-review data was used where available.\"]}, \"assumptions\": [{\"type\": \"verified\", \"label\": \"Recommendations are based on current catalog and listing coverage, not the full market.\"}, {\"type\": \"estimated\", \"label\": \"Trim-specific equipment can vary by region.\"}], \"profile_summary\": \"budget around 1000000000\", \"ranked_vehicles\": [{\"name\": \"2024 Honda Civic e:HEV RS\", \"links\": {\"vehicle_id\": 6, \"match_label\": \"Exact catalog match with active listings\", \"display_name\": \"2024 Honda Civic e:HEV RS\", \"detail_page_url\": \"/catalog/6\", \"match_confidence\": 0.98, \"fallback_search_url\": \"/catalog?q=Honda+Civic+e%3AHEV+RS+2024\", \"related_listing_ids\": [36, 15, 65], \"related_listings_url\": \"/listings?variantId=6\", \"related_listings_count\": 3}, \"score\": 56.6, \"caveats\": [\"still has a thin local owner-feedback sample, so reliability confidence is not as strong as it could be\"], \"reasons\": [\"fits your budget without stretching into the next price tier\", \"has slightly tighter supply, which can help value retention if demand stays steady\"], \"fit_label\": \"Good fit\", \"variant_id\": 6, \"market_summary\": \"1 live-style market signal(s), average asking near 894,699,000, price spread about 0.0%\"}, {\"name\": \"2024 Honda Civic e:HEV RS\", \"links\": {\"vehicle_id\": 6, \"match_label\": \"Exact catalog match with active listings\", \"display_name\": \"2024 Honda Civic e:HEV RS\", \"detail_page_url\": \"/catalog/6\", \"match_confidence\": 0.98, \"fallback_search_url\": \"/catalog?q=Honda+Civic+e%3AHEV+RS+2024\", \"related_listing_ids\": [36, 15, 65], \"related_listings_url\": \"/listings?variantId=6\", \"related_listings_count\": 3}, \"score\": 56.5, \"caveats\": [\"still has a thin local owner-feedback sample, so reliability confidence is not as strong as it could be\"], \"reasons\": [\"fits your budget without stretching into the next price tier\", \"has slightly tighter supply, which can help value retention if demand stays steady\"], \"fit_label\": \"Good fit\", \"variant_id\": 6, \"market_summary\": \"1 live-style market signal(s), average asking near 894,699,000, price spread about 0.0%\"}, {\"name\": \"2023 Honda Civic RS\", \"links\": {\"vehicle_id\": 5, \"match_label\": \"Exact catalog match with active listings\", \"display_name\": \"2023 Honda Civic RS\", \"detail_page_url\": \"/catalog/5\", \"match_confidence\": 0.98, \"fallback_search_url\": \"/catalog?q=Honda+Civic+RS+2023\", \"related_listing_ids\": [10, 3, 51], \"related_listings_url\": \"/listings?variantId=5\", \"related_listings_count\": 3}, \"score\": 54.7, \"caveats\": [\"still has a thin local owner-feedback sample, so reliability confidence is not as strong as it could be\"], \"reasons\": [\"fits your budget without stretching into the next price tier\", \"has healthier market activity without unusually volatile asking prices\"], \"fit_label\": \"Good fit\", \"variant_id\": 5, \"market_summary\": \"2 live-style market signal(s), average asking near 757,922,500, price spread about 1.1%\"}]}, \"needs_clarification\": false}','2026-03-30 14:06:54'),(207,20,'assistant','2024 Honda Civic e:HEV RS looks like the strongest fit for the profile you shared, and I would call it a good fit. It stands out because it fits your budget without stretching into the next price tier, has slightly tighter supply, which can help value retention if demand stays steady. Current market context: 1 live-style market signal(s), average asking near 894,699,000, price spread about 0.0%. The main watch-out is that it still has a thin local owner-feedback sample, so reliability confidence is not as strong as it could be. 2024 Honda Civic e:HEV RS is the closest alternative because it fits your budget without stretching into the next price tier, but it does not rank first because it still has a thin local owner-feedback sample, so reliability confidence is not as strong as it could be. You can open its vehicle detail page next to review specs and ownership signals. There are already 3 related listing(s) available to browse. Current profile used: budget around 1000000000.',NULL,NULL,'2026-03-30 14:06:54');
/*!40000 ALTER TABLE `ai_chat_messages` ENABLE KEYS */;
UNLOCK TABLES;

--
-- Table structure for table `ai_chat_sessions`
--

DROP TABLE IF EXISTS `ai_chat_sessions`;
/*!40101 SET @saved_cs_client     = @@character_set_client */;
/*!50503 SET character_set_client = utf8mb4 */;
CREATE TABLE `ai_chat_sessions` (
  `session_id` bigint NOT NULL AUTO_INCREMENT,
  `user_id` bigint DEFAULT NULL,
  `created_at` timestamp NOT NULL DEFAULT CURRENT_TIMESTAMP,
  `last_active_at` datetime DEFAULT NULL,
  `context_json` json DEFAULT NULL,
  PRIMARY KEY (`session_id`),
  KEY `idx_ai_sessions_user` (`user_id`),
  CONSTRAINT `fk_ai_sessions_user` FOREIGN KEY (`user_id`) REFERENCES `users` (`user_id`) ON DELETE SET NULL ON UPDATE CASCADE
) ENGINE=InnoDB AUTO_INCREMENT=21 DEFAULT CHARSET=utf8mb4 COLLATE=utf8mb4_unicode_ci;
/*!40101 SET character_set_client = @saved_cs_client */;

--
-- Dumping data for table `ai_chat_sessions`
--

LOCK TABLES `ai_chat_sessions` WRITE;
/*!40000 ALTER TABLE `ai_chat_sessions` DISABLE KEYS */;
INSERT INTO `ai_chat_sessions` VALUES (1,59,'2026-03-18 08:24:50','2026-03-18 08:24:50','{\"market_id\": 1}'),(2,53,'2026-03-18 08:25:49','2026-03-18 08:25:49','{\"market_id\": 1}'),(3,53,'2026-03-18 08:30:30','2026-03-18 08:30:30','{\"market_id\": 1}'),(4,53,'2026-03-18 08:31:29','2026-03-18 08:31:29','{\"market_id\": 1}'),(5,53,'2026-03-18 09:26:04','2026-03-18 09:26:04','{\"market_id\": 1}'),(6,53,'2026-03-18 15:01:11','2026-03-18 15:06:32','{\"market_id\": 1, \"advisor_profile\": {\"budget_max\": 2024, \"environment\": \"city\", \"favorite_color\": \"red\"}, \"focus_variant_id\": 775, \"focus_variant_label\": \"2024 Audi A4 Base\"}'),(7,53,'2026-03-18 15:46:47','2026-03-18 15:46:47','{\"market_id\": 1, \"advisor_profile\": {\"environment\": \"city\", \"personality\": \"family\", \"preferred_body_type\": \"suv\"}, \"focus_variant_id\": null, \"focus_variant_label\": null, \"pending_question_key\": \"budget_max\"}'),(8,53,'2026-03-19 02:24:41','2026-03-19 02:32:05','{\"market_id\": 1, \"advisor_profile\": {\"budget_max\": 700000000, \"environment\": \"mixed\", \"personality\": \"family\", \"favorite_color\": \"red\", \"long_trip_habit\": \"occasional\", \"passenger_count\": 4, \"preferred_body_type\": \"suv\"}, \"focus_variant_id\": null, \"focus_variant_label\": null, \"pending_question_key\": null}'),(9,53,'2026-03-19 04:11:35','2026-03-19 04:13:59','{\"market_id\": 1, \"advisor_profile\": {\"budget_max\": 1000000000, \"environment\": \"city\", \"personality\": \"family\", \"long_trip_habit\": \"occasional\", \"passenger_count\": 4}, \"focus_variant_id\": null, \"focus_variant_label\": null, \"pending_question_key\": null}'),(10,53,'2026-03-19 06:21:36','2026-03-19 06:23:47','{\"market_id\": 1, \"advisor_profile\": {\"budget_max\": 1000000000, \"environment\": \"city\", \"favorite_color\": \"red\", \"long_trip_habit\": \"occasional\", \"passenger_count\": 4}, \"focus_variant_id\": null, \"focus_variant_label\": null, \"pending_question_key\": \"preferred_body_type\"}'),(11,53,'2026-03-19 07:19:41','2026-03-19 07:19:59','{\"market_id\": 1, \"pending_flow\": {\"id\": \"flow_mmx53vuu_3x9d10\", \"intent\": \"recommend_car\", \"source\": \"recommendation_profile\", \"status\": \"clarifying\", \"created_at\": \"2026-03-19T07:19:59.140Z\", \"missing_fields\": [\"preferred_body_type\"], \"context_snapshot\": {\"market_id\": 1, \"advisor_profile\": {\"long_trip_habit\": \"rare\"}, \"focus_variant_id\": null, \"focus_variant_label\": null}}, \"advisor_profile\": {\"long_trip_habit\": \"rare\"}, \"focus_variant_id\": null, \"focus_variant_label\": null, \"pending_question_key\": \"preferred_body_type\"}'),(12,53,'2026-03-19 09:18:38','2026-03-19 09:18:38','{\"market_id\": 1, \"pending_flow\": {\"id\": \"flow_mmx9cs9i_3fwdvz\", \"intent\": \"recommend_car\", \"source\": \"recommendation_profile\", \"status\": \"clarifying\", \"created_at\": \"2026-03-19T09:18:38.360Z\", \"missing_fields\": [\"budget_max\"], \"context_snapshot\": {\"market_id\": 1, \"advisor_profile\": {}, \"focus_variant_id\": null, \"focus_variant_label\": null}}, \"advisor_profile\": {}, \"focus_variant_id\": null, \"focus_variant_label\": null, \"pending_question_key\": \"budget_max\"}'),(13,53,'2026-03-30 08:55:16','2026-03-30 08:55:49','{\"market_id\": 1, \"pending_flow\": {\"id\": \"flow_mncyd6va_1dln2z\", \"intent\": \"recommend_car\", \"source\": \"recommendation_profile\", \"status\": \"clarifying\", \"created_at\": \"2026-03-30T08:55:49.458Z\", \"missing_fields\": [\"preferred_body_type\"], \"context_snapshot\": {\"market_id\": 1, \"advisor_profile\": {\"long_trip_habit\": \"rare\"}, \"focus_variant_id\": null, \"focus_variant_label\": null}}, \"advisor_profile\": {\"long_trip_habit\": \"rare\"}, \"focus_variant_id\": null, \"focus_variant_label\": null, \"pending_question_key\": \"preferred_body_type\"}'),(14,53,'2026-03-30 08:56:11','2026-03-30 08:56:11','{\"market_id\": 1, \"pending_flow\": null, \"advisor_profile\": {\"environment\": \"city\", \"personality\": \"family\", \"preferred_body_type\": \"suv\"}, \"focus_variant_id\": null, \"focus_variant_label\": null, \"pending_question_key\": null}'),(17,9,'2026-03-30 09:40:21','2026-03-30 09:40:24','{\"market_id\": 1, \"pending_flow\": {\"id\": \"flow_mnczz5la_f403ug\", \"intent\": \"recommend_car\", \"source\": \"recommendation_profile\", \"status\": \"clarifying\", \"created_at\": \"2026-03-30T09:40:24.720Z\", \"missing_fields\": [\"budget_max\"], \"context_snapshot\": {\"market_id\": 1, \"advisor_profile\": {\"long_trip_habit\": \"rare\"}, \"focus_variant_id\": null, \"focus_variant_label\": null}}, \"advisor_profile\": {\"long_trip_habit\": \"rare\"}, \"focus_variant_id\": null, \"focus_variant_label\": null, \"pending_question_key\": \"budget_max\"}'),(18,9,'2026-03-30 09:40:32','2026-03-30 09:49:11','{\"market_id\": 1, \"pending_flow\": {\"id\": \"flow_mnczzoay_whwhmu\", \"intent\": \"recommend_car\", \"source\": \"recommendation_profile\", \"status\": \"clarifying\", \"created_at\": \"2026-03-30T09:49:11.101Z\", \"missing_fields\": [\"preferred_body_type\"], \"context_snapshot\": {\"market_id\": 1, \"advisor_profile\": {\"budget_max\": 1000000000}, \"focus_variant_id\": null, \"focus_variant_label\": null}}, \"advisor_profile\": {\"budget_max\": 1000000000}, \"focus_variant_id\": null, \"focus_variant_label\": null, \"pending_question_key\": \"preferred_body_type\"}'),(19,19,'2026-03-30 10:39:29','2026-03-30 10:39:48','{\"market_id\": 1, \"active_topic\": {\"intent\": \"recommend_car\", \"market_id\": 1, \"updated_at\": \"2026-03-30T10:39:48.397Z\", \"focus_variant_id\": null, \"compare_variant_ids\": []}, \"pending_flow\": {\"id\": \"flow_mnd23efa_guv149\", \"intent\": \"recommend_car\", \"source\": \"recommendation_profile\", \"status\": \"clarifying\", \"created_at\": \"2026-03-30T10:39:48.397Z\", \"missing_fields\": [\"new_vs_used\"], \"context_snapshot\": {\"market_id\": 1, \"advisor_profile\": {\"budget_max\": 1000000000, \"personality\": \"practical\", \"long_trip_habit\": \"frequent\"}, \"focus_variant_id\": null, \"focus_variant_label\": null}}, \"advisor_profile\": {\"budget_max\": 1000000000, \"personality\": \"practical\", \"long_trip_habit\": \"frequent\"}, \"focus_variant_id\": null, \"compare_variant_ids\": [], \"focus_variant_label\": null, \"pending_question_key\": \"new_vs_used\"}'),(20,19,'2026-03-30 14:04:58','2026-03-30 14:06:54','{\"country\": null, \"market_id\": 1, \"market_name\": null, \"active_topic\": {\"skill\": \"recommendation\", \"intent\": \"recommend_car\", \"summary\": \"2024 Honda Civic e:HEV RS\", \"market_id\": 1, \"turn_type\": \"follow_up\", \"updated_at\": \"2026-03-30T14:06:54.741Z\", \"focus_variant_id\": 6, \"compare_variant_ids\": [], \"focus_variant_label\": \"2024 Honda Civic e:HEV RS\"}, \"pending_flow\": {\"id\": \"flow_mnd9fdpb_b6vgat\", \"intent\": \"recommend_car\", \"source\": \"recommendation_profile\", \"status\": \"clarifying\", \"created_at\": \"2026-03-30T14:06:54.741Z\", \"missing_fields\": [\"preferred_body_type\"], \"context_snapshot\": {\"market_id\": 1, \"advisor_profile\": {\"budget_max\": 1000000000, \"new_vs_used\": \"new\"}, \"focus_variant_id\": 6, \"focus_variant_label\": \"2024 Honda Civic e:HEV RS\"}}, \"advisor_profile\": {\"budget_max\": 1000000000, \"new_vs_used\": \"new\"}, \"focus_variant_id\": 6, \"conversation_state\": {\"active_skill\": \"recommendation\", \"active_topic\": {\"skill\": \"recommendation\", \"intent\": \"recommend_car\", \"summary\": \"2024 Honda Civic e:HEV RS\", \"market_id\": 1, \"turn_type\": \"follow_up\", \"updated_at\": \"2026-03-30T14:06:54.741Z\", \"focus_variant_id\": 6, \"compare_variant_ids\": [], \"focus_variant_label\": \"2024 Honda Civic e:HEV RS\"}, \"active_intent\": \"recommend_car\", \"active_flow_id\": \"flow_mnd9fdpb_b6vgat\", \"missing_fields\": [\"preferred_body_type\"], \"active_entities\": {\"country\": null, \"vehicles\": [\"2024 Honda Civic e:HEV RS\", \"2023 Honda Civic RS\"], \"market_id\": 1, \"listing_ids\": [36, 15, 65, 10, 3, 51], \"market_name\": null, \"vehicle_ids\": [6, 5], \"focus_variant_id\": 6, \"compare_variant_ids\": [], \"focus_variant_label\": \"2024 Honda Civic e:HEV RS\"}, \"context_confidence\": 0.68, \"follow_up_dimension\": null, \"last_user_turn_type\": \"follow_up\", \"conversation_summary\": \"2024 Honda Civic e:HEV RS\", \"pending_clarification\": {\"type\": \"recommendation_profile\", \"field\": \"preferred_body_type\", \"intent\": \"recommend_car\", \"flow_id\": \"flow_mnd9fdpb_b6vgat\", \"created_at\": \"2026-03-30T14:06:54.741Z\", \"missing_fields\": [\"preferred_body_type\"]}, \"last_structured_result\": {\"title\": \"2024 Honda Civic e:HEV RS\", \"intent\": \"recommend_car\", \"winner\": \"2024 Honda Civic e:HEV RS\", \"vehicle_names\": [\"2024 Honda Civic e:HEV RS\", \"2023 Honda Civic RS\"], \"focus_dimension\": null}, \"referenced_listing_ids\": [36, 15, 65, 10, 3, 51], \"referenced_vehicle_ids\": [6, 5]}, \"compare_variant_ids\": [], \"focus_variant_label\": \"2024 Honda Civic e:HEV RS\", \"pending_question_key\": \"preferred_body_type\"}');
/*!40000 ALTER TABLE `ai_chat_sessions` ENABLE KEYS */;
UNLOCK TABLES;

--
-- Table structure for table `auth_event_logs`
--

DROP TABLE IF EXISTS `auth_event_logs`;
/*!40101 SET @saved_cs_client     = @@character_set_client */;
/*!50503 SET character_set_client = utf8mb4 */;
CREATE TABLE `auth_event_logs` (
  `auth_event_log_id` bigint NOT NULL AUTO_INCREMENT,
  `user_id` bigint DEFAULT NULL,
  `event_type` varchar(80) COLLATE utf8mb4_unicode_ci NOT NULL,
  `auth_method` varchar(40) COLLATE utf8mb4_unicode_ci NOT NULL,
  `destination_type` varchar(20) COLLATE utf8mb4_unicode_ci DEFAULT NULL,
  `destination_value` varchar(190) COLLATE utf8mb4_unicode_ci DEFAULT NULL,
  `provider_name` varchar(40) COLLATE utf8mb4_unicode_ci DEFAULT NULL,
  `success` tinyint(1) NOT NULL DEFAULT '0',
  `ip_address` varchar(64) COLLATE utf8mb4_unicode_ci DEFAULT NULL,
  `metadata_json` longtext COLLATE utf8mb4_unicode_ci,
  `created_at` datetime NOT NULL,
  PRIMARY KEY (`auth_event_log_id`),
  KEY `user_id` (`user_id`),
  KEY `idx_auth_event_type_time` (`event_type`,`created_at`),
  KEY `idx_auth_event_destination` (`destination_type`,`destination_value`),
  CONSTRAINT `auth_event_logs_ibfk_1` FOREIGN KEY (`user_id`) REFERENCES `users` (`user_id`) ON DELETE SET NULL ON UPDATE CASCADE
) ENGINE=InnoDB AUTO_INCREMENT=7 DEFAULT CHARSET=utf8mb4 COLLATE=utf8mb4_unicode_ci;
/*!40101 SET character_set_client = @saved_cs_client */;

--
-- Dumping data for table `auth_event_logs`
--

LOCK TABLES `auth_event_logs` WRITE;
/*!40000 ALTER TABLE `auth_event_logs` DISABLE KEYS */;
INSERT INTO `auth_event_logs` VALUES (1,53,'password_login_success','password','email','user@example.com',NULL,1,'::1',NULL,'2026-03-26 02:41:47'),(2,9,'password_register_success','password','email','user@example.com',NULL,1,'::1',NULL,'2026-03-30 09:40:11'),(3,9,'password_login_success','password','email','user@example.com',NULL,1,'::1',NULL,'2026-03-30 09:40:15'),(4,19,'password_register_success','password','email','user@example.com',NULL,1,'::1',NULL,'2026-03-30 10:38:56'),(5,19,'password_login_success','password','email','user@example.com',NULL,1,'::1',NULL,'2026-03-30 10:39:01'),(6,19,'password_login_success','password','email','user@example.com',NULL,1,'::1',NULL,'2026-03-30 14:04:16');
/*!40000 ALTER TABLE `auth_event_logs` ENABLE KEYS */;
UNLOCK TABLES;

--
-- Table structure for table `car_makes`
--

DROP TABLE IF EXISTS `car_makes`;
/*!40101 SET @saved_cs_client     = @@character_set_client */;
/*!50503 SET character_set_client = utf8mb4 */;
CREATE TABLE `car_makes` (
  `make_id` int NOT NULL AUTO_INCREMENT,
  `name` varchar(120) COLLATE utf8mb4_unicode_ci NOT NULL,
  `country_of_origin` varchar(120) COLLATE utf8mb4_unicode_ci DEFAULT NULL,
  `is_placeholder` tinyint(1) NOT NULL DEFAULT '1',
  `created_at` timestamp NOT NULL DEFAULT CURRENT_TIMESTAMP,
  PRIMARY KEY (`make_id`),
  UNIQUE KEY `name` (`name`)
) ENGINE=InnoDB AUTO_INCREMENT=11 DEFAULT CHARSET=utf8mb4 COLLATE=utf8mb4_unicode_ci;
/*!40101 SET character_set_client = @saved_cs_client */;

--
-- Dumping data for table `car_makes`
--

LOCK TABLES `car_makes` WRITE;
/*!40000 ALTER TABLE `car_makes` DISABLE KEYS */;
INSERT INTO `car_makes` VALUES (1,'Toyota',NULL,0,'2026-03-30 10:35:28'),(2,'Honda',NULL,0,'2026-03-30 10:35:28'),(3,'Mazda',NULL,0,'2026-03-30 10:35:28'),(4,'Hyundai',NULL,0,'2026-03-30 10:35:28'),(5,'Kia',NULL,0,'2026-03-30 10:35:28'),(6,'BMW',NULL,0,'2026-03-30 10:35:28'),(7,'Mercedes-Benz',NULL,0,'2026-03-30 10:35:28'),(8,'Lexus',NULL,0,'2026-03-30 10:35:28'),(9,'VinFast',NULL,0,'2026-03-30 10:35:28'),(10,'BYD',NULL,0,'2026-03-30 10:35:28');
/*!40000 ALTER TABLE `car_makes` ENABLE KEYS */;
UNLOCK TABLES;

--
-- Table structure for table `car_models`
--

DROP TABLE IF EXISTS `car_models`;
/*!40101 SET @saved_cs_client     = @@character_set_client */;
/*!50503 SET character_set_client = utf8mb4 */;
CREATE TABLE `car_models` (
  `model_id` int NOT NULL AUTO_INCREMENT,
  `make_id` int NOT NULL,
  `name` varchar(120) COLLATE utf8mb4_unicode_ci NOT NULL,
  `segment` varchar(60) COLLATE utf8mb4_unicode_ci DEFAULT NULL,
  `is_placeholder` tinyint(1) NOT NULL DEFAULT '1',
  `created_at` timestamp NOT NULL DEFAULT CURRENT_TIMESTAMP,
  PRIMARY KEY (`model_id`),
  UNIQUE KEY `uq_model_make_name` (`make_id`,`name`),
  KEY `idx_models_make` (`make_id`),
  CONSTRAINT `fk_models_make` FOREIGN KEY (`make_id`) REFERENCES `car_makes` (`make_id`) ON DELETE RESTRICT ON UPDATE CASCADE
) ENGINE=InnoDB AUTO_INCREMENT=12 DEFAULT CHARSET=utf8mb4 COLLATE=utf8mb4_unicode_ci;
/*!40101 SET character_set_client = @saved_cs_client */;

--
-- Dumping data for table `car_models`
--

LOCK TABLES `car_models` WRITE;
/*!40000 ALTER TABLE `car_models` DISABLE KEYS */;
INSERT INTO `car_models` VALUES (1,1,'Corolla Cross','C-SUV',0,'2026-03-30 10:35:28'),(2,1,'Camry','D-sedan',0,'2026-03-30 10:35:28'),(3,2,'Civic','C-sedan',0,'2026-03-30 10:35:28'),(4,3,'Mazda3','C-sedan',0,'2026-03-30 10:35:28'),(5,4,'Tucson','C-SUV',0,'2026-03-30 10:35:28'),(6,5,'Carnival','MPV',0,'2026-03-30 10:35:28'),(7,6,'X5','Luxury SUV',0,'2026-03-30 10:35:28'),(8,7,'C-Class','Premium sedan',0,'2026-03-30 10:35:28'),(9,8,'NX','Premium C-SUV',0,'2026-03-30 10:35:28'),(10,9,'VF 8','Electric SUV',0,'2026-03-30 10:35:28'),(11,10,'Seal','Electric sedan',0,'2026-03-30 10:35:28');
/*!40000 ALTER TABLE `car_models` ENABLE KEYS */;
UNLOCK TABLES;

--
-- Table structure for table `car_reviews`
--

DROP TABLE IF EXISTS `car_reviews`;
/*!40101 SET @saved_cs_client     = @@character_set_client */;
/*!50503 SET character_set_client = utf8mb4 */;
CREATE TABLE `car_reviews` (
  `car_review_id` bigint NOT NULL AUTO_INCREMENT,
  `user_id` bigint NOT NULL,
  `variant_id` bigint NOT NULL,
  `rating` tinyint NOT NULL,
  `title` varchar(160) COLLATE utf8mb4_unicode_ci DEFAULT NULL,
  `comment` text COLLATE utf8mb4_unicode_ci,
  `created_at` timestamp NOT NULL DEFAULT CURRENT_TIMESTAMP,
  `updated_at` timestamp NOT NULL DEFAULT CURRENT_TIMESTAMP ON UPDATE CURRENT_TIMESTAMP,
  PRIMARY KEY (`car_review_id`),
  UNIQUE KEY `uq_car_review_user_variant` (`user_id`,`variant_id`),
  KEY `idx_car_reviews_variant` (`variant_id`),
  CONSTRAINT `fk_car_reviews_user` FOREIGN KEY (`user_id`) REFERENCES `users` (`user_id`) ON DELETE CASCADE ON UPDATE CASCADE,
  CONSTRAINT `fk_car_reviews_variant` FOREIGN KEY (`variant_id`) REFERENCES `car_variants` (`variant_id`) ON DELETE CASCADE ON UPDATE CASCADE
) ENGINE=InnoDB AUTO_INCREMENT=43 DEFAULT CHARSET=utf8mb4 COLLATE=utf8mb4_unicode_ci;
/*!40101 SET character_set_client = @saved_cs_client */;

--
-- Dumping data for table `car_reviews`
--

LOCK TABLES `car_reviews` WRITE;
/*!40000 ALTER TABLE `car_reviews` DISABLE KEYS */;
INSERT INTO `car_reviews` VALUES (1,4,1,3,'Worth a test drive','Real improve simple turn their save.','2026-03-30 10:35:29','2026-03-30 10:35:29'),(2,3,11,4,'Worth a test drive','Million night your long.','2026-03-30 10:35:29','2026-03-30 10:35:29'),(3,9,4,5,'Worth a test drive','What least mouth national put test. Particular court east newspaper different.','2026-03-30 10:35:29','2026-03-30 10:35:29'),(4,3,8,3,'Worth a test drive','Relate real major look night.','2026-03-30 10:35:29','2026-03-30 10:35:29'),(5,18,7,3,'Solid daily driver','Business quality here woman stand.','2026-03-30 10:35:29','2026-03-30 10:35:29'),(6,3,6,3,'Feels premium','Among western bad under pretty.','2026-03-30 10:35:29','2026-03-30 10:35:29'),(7,17,17,5,'Feels premium','Dark Mrs usually receive case. Scientist dream anything toward difficult do beyond form.','2026-03-30 10:35:29','2026-03-30 10:35:29'),(8,12,2,4,'Feels premium','Race case who within. Imagine various there local.','2026-03-30 10:35:29','2026-03-30 10:35:29'),(9,15,21,4,'Solid daily driver','Fly position traditional become off.','2026-03-30 10:35:29','2026-03-30 10:35:29'),(10,13,3,4,'Solid daily driver','Tree company think. Value already structure small.','2026-03-30 10:35:29','2026-03-30 10:35:29'),(11,16,11,4,'Feels premium','Theory across nothing blue work.','2026-03-30 10:35:29','2026-03-30 10:35:29'),(12,1,3,3,'Worth a test drive','Writer myself management voice surface life cover.','2026-03-30 10:35:29','2026-03-30 10:35:29'),(13,16,17,4,'Feels premium','Class learn either control say so.','2026-03-30 10:35:29','2026-03-30 10:35:29'),(14,11,18,5,'Feels premium','Compare task today still middle. Husband believe word local.','2026-03-30 10:35:29','2026-03-30 10:35:29'),(15,18,8,4,'Feels premium','End dog send.','2026-03-30 10:35:29','2026-03-30 10:35:29'),(16,13,14,4,'Feels premium','Old of end growth door. Let civil rather type.','2026-03-30 10:35:29','2026-03-30 10:35:29'),(17,8,14,4,'Solid daily driver','Police wait happen determine.','2026-03-30 10:35:29','2026-03-30 10:35:29'),(18,10,2,5,'Solid daily driver','Check security paper indeed near likely Mr.','2026-03-30 10:35:29','2026-03-30 10:35:29'),(19,10,10,4,'Solid daily driver','Quite other skin moment month.','2026-03-30 10:35:29','2026-03-30 10:35:29'),(20,2,14,5,'Feels premium','True born stock total. Of change foreign minute break.','2026-03-30 10:35:29','2026-03-30 10:35:29'),(21,12,19,4,'Feels premium','Major together knowledge argue car indeed nor next.','2026-03-30 10:35:29','2026-03-30 10:35:29'),(22,9,9,3,'Feels premium','How staff second.','2026-03-30 10:35:29','2026-03-30 10:35:29'),(23,8,10,3,'Feels premium','And general as yes. Worry line expert conference.','2026-03-30 10:35:29','2026-03-30 10:35:29'),(24,18,5,4,'Feels premium','Hear through large true help bag.','2026-03-30 10:35:29','2026-03-30 10:35:29'),(25,13,9,4,'Feels premium','President girl condition Mr. Camera without strong series without leg rest.','2026-03-30 10:35:29','2026-03-30 10:35:29'),(26,17,4,4,'Solid daily driver','Here discover leave choice country themselves she. Special information she.','2026-03-30 10:35:29','2026-03-30 10:35:29'),(27,15,4,3,'Solid daily driver','Deal beyond almost our reflect.','2026-03-30 10:35:29','2026-03-30 10:35:29'),(28,11,14,3,'Worth a test drive','Scientist I doctor describe tell.','2026-03-30 10:35:29','2026-03-30 10:35:29'),(29,8,22,4,'Solid daily driver','Mean eye staff rule.','2026-03-30 10:35:29','2026-03-30 10:35:29'),(30,18,20,3,'Solid daily driver','Our pull fly few century produce determine. Every news option same compare.','2026-03-30 10:35:29','2026-03-30 10:35:29'),(31,5,12,5,'Solid daily driver','Many win walk provide skill five indicate. Feel contain Mrs drive.','2026-03-30 10:35:29','2026-03-30 10:35:29'),(32,8,18,4,'Worth a test drive','Tax certain leg arm include.','2026-03-30 10:35:29','2026-03-30 10:35:29'),(33,1,15,4,'Feels premium','Morning home effort form bad last he. Right couple environmental purpose owner them could.','2026-03-30 10:35:29','2026-03-30 10:35:29'),(34,15,11,5,'Feels premium','Describe decade trade field training deep couple. Section senior trial receive.','2026-03-30 10:35:29','2026-03-30 10:35:29'),(35,10,4,5,'Worth a test drive','Trip need simply herself move grow.','2026-03-30 10:35:29','2026-03-30 10:35:29'),(36,5,6,5,'Feels premium','Mention market better wonder light style.','2026-03-30 10:35:29','2026-03-30 10:35:29'),(37,17,13,5,'Solid daily driver','Fine animal ten scientist administration network.','2026-03-30 10:35:29','2026-03-30 10:35:29'),(38,9,2,4,'Feels premium','Result far cultural discover now early nearly want. Either start whom politics make collection.','2026-03-30 10:35:29','2026-03-30 10:35:29'),(39,10,3,3,'Worth a test drive','Cause national contain threat. Model stuff avoid stand.','2026-03-30 10:35:29','2026-03-30 10:35:29'),(40,11,8,5,'Worth a test drive','Include successful discuss.','2026-03-30 10:35:29','2026-03-30 10:35:29'),(41,4,18,4,'Solid daily driver','Despite lay art.','2026-03-30 10:35:29','2026-03-30 10:35:29'),(42,2,21,5,'Worth a test drive','Process administration mother in admit reveal movie. Admit spend purpose south travel.','2026-03-30 10:35:29','2026-03-30 10:35:29');
/*!40000 ALTER TABLE `car_reviews` ENABLE KEYS */;
UNLOCK TABLES;

--
-- Table structure for table `car_variants`
--

DROP TABLE IF EXISTS `car_variants`;
/*!40101 SET @saved_cs_client     = @@character_set_client */;
/*!50503 SET character_set_client = utf8mb4 */;
CREATE TABLE `car_variants` (
  `variant_id` bigint NOT NULL AUTO_INCREMENT,
  `model_id` int NOT NULL,
  `model_year` smallint NOT NULL,
  `trim_name` varchar(120) COLLATE utf8mb4_unicode_ci NOT NULL,
  `body_type` enum('sedan','hatchback','suv','cuv','mpv','pickup','coupe','convertible','wagon','van','other') COLLATE utf8mb4_unicode_ci NOT NULL DEFAULT 'other',
  `engine` varchar(120) COLLATE utf8mb4_unicode_ci DEFAULT NULL,
  `transmission` varchar(60) COLLATE utf8mb4_unicode_ci DEFAULT NULL,
  `drivetrain` varchar(60) COLLATE utf8mb4_unicode_ci DEFAULT NULL,
  `fuel_type` enum('gasoline','diesel','hybrid','phev','ev','other') COLLATE utf8mb4_unicode_ci NOT NULL DEFAULT 'other',
  `seats` tinyint DEFAULT NULL,
  `doors` tinyint DEFAULT NULL,
  `msrp_base` decimal(14,2) DEFAULT NULL,
  `is_placeholder` tinyint(1) NOT NULL DEFAULT '1',
  `created_at` timestamp NOT NULL DEFAULT CURRENT_TIMESTAMP,
  `updated_at` timestamp NOT NULL DEFAULT CURRENT_TIMESTAMP ON UPDATE CURRENT_TIMESTAMP,
  PRIMARY KEY (`variant_id`),
  UNIQUE KEY `uq_variant_unique` (`model_id`,`model_year`,`trim_name`),
  KEY `idx_variants_model` (`model_id`),
  KEY `idx_variants_year` (`model_year`),
  CONSTRAINT `fk_variants_model` FOREIGN KEY (`model_id`) REFERENCES `car_models` (`model_id`) ON DELETE RESTRICT ON UPDATE CASCADE
) ENGINE=InnoDB AUTO_INCREMENT=23 DEFAULT CHARSET=utf8mb4 COLLATE=utf8mb4_unicode_ci;
/*!40101 SET character_set_client = @saved_cs_client */;

--
-- Dumping data for table `car_variants`
--

LOCK TABLES `car_variants` WRITE;
/*!40000 ALTER TABLE `car_variants` DISABLE KEYS */;
INSERT INTO `car_variants` VALUES (1,1,2023,'1.8V','suv','1.8L','CVT','FWD','gasoline',5,5,820000000.00,0,'2026-03-30 10:35:28','2026-03-30 10:35:28'),(2,1,2024,'Hybrid Premium','suv','1.8L Hybrid','e-CVT','FWD','hybrid',5,5,955000000.00,0,'2026-03-30 10:35:28','2026-03-30 10:35:28'),(3,2,2023,'2.0Q','sedan','2.0L','AT','FWD','gasoline',5,4,1115000000.00,0,'2026-03-30 10:35:28','2026-03-30 10:35:28'),(4,2,2024,'2.5 Hybrid','sedan','2.5L Hybrid','e-CVT','FWD','hybrid',5,4,1495000000.00,0,'2026-03-30 10:35:28','2026-03-30 10:35:28'),(5,3,2023,'RS','sedan','1.5T','CVT','FWD','gasoline',5,4,890000000.00,0,'2026-03-30 10:35:28','2026-03-30 10:35:28'),(6,3,2024,'e:HEV RS','sedan','2.0L Hybrid','e-CVT','FWD','hybrid',5,4,999000000.00,0,'2026-03-30 10:35:28','2026-03-30 10:35:28'),(7,4,2023,'Luxury','sedan','1.5L','AT','FWD','gasoline',5,4,769000000.00,0,'2026-03-30 10:35:28','2026-03-30 10:35:28'),(8,4,2024,'Signature','sedan','2.0L','AT','FWD','gasoline',5,4,869000000.00,0,'2026-03-30 10:35:28','2026-03-30 10:35:28'),(9,5,2023,'1.6 Turbo','suv','1.6T','DCT','FWD','gasoline',5,5,939000000.00,0,'2026-03-30 10:35:28','2026-03-30 10:35:28'),(10,5,2024,'2.0 Diesel Special','suv','2.0D','AT','FWD','diesel',5,5,1039000000.00,0,'2026-03-30 10:35:28','2026-03-30 10:35:28'),(11,6,2023,'2.2D Signature','mpv','2.2D','AT','FWD','diesel',7,5,1589000000.00,0,'2026-03-30 10:35:28','2026-03-30 10:35:28'),(12,6,2024,'3.5G Signature','mpv','3.5L V6','AT','FWD','gasoline',7,5,1849000000.00,0,'2026-03-30 10:35:28','2026-03-30 10:35:28'),(13,7,2024,'xDrive40i','suv','3.0T','AT','AWD','gasoline',5,5,3899000000.00,0,'2026-03-30 10:35:28','2026-03-30 10:35:28'),(14,7,2024,'xDrive50e','suv','3.0T PHEV','AT','AWD','phev',5,5,4299000000.00,0,'2026-03-30 10:35:28','2026-03-30 10:35:28'),(15,8,2023,'C200 Avantgarde','sedan','1.5T','AT','RWD','gasoline',5,4,1709000000.00,0,'2026-03-30 10:35:28','2026-03-30 10:35:28'),(16,8,2024,'C300 AMG Line','sedan','2.0T','AT','RWD','gasoline',5,4,2099000000.00,0,'2026-03-30 10:35:28','2026-03-30 10:35:28'),(17,9,2023,'NX250 Luxury','suv','2.5L','AT','FWD','gasoline',5,5,2349000000.00,0,'2026-03-30 10:35:28','2026-03-30 10:35:28'),(18,9,2024,'NX350h Premium','suv','2.5L Hybrid','e-CVT','AWD','hybrid',5,5,2789000000.00,0,'2026-03-30 10:35:28','2026-03-30 10:35:28'),(19,10,2023,'Eco','suv','Dual Motor EV','Single-speed','AWD','ev',5,5,1170000000.00,0,'2026-03-30 10:35:28','2026-03-30 10:35:28'),(20,10,2024,'Plus','suv','Dual Motor EV','Single-speed','AWD','ev',5,5,1359000000.00,0,'2026-03-30 10:35:28','2026-03-30 10:35:28'),(21,11,2024,'Premium','sedan','Single Motor EV','Single-speed','RWD','ev',5,4,1119000000.00,0,'2026-03-30 10:35:28','2026-03-30 10:35:28'),(22,11,2024,'Performance AWD','sedan','Dual Motor EV','Single-speed','AWD','ev',5,4,1369000000.00,0,'2026-03-30 10:35:28','2026-03-30 10:35:28');
/*!40000 ALTER TABLE `car_variants` ENABLE KEYS */;
UNLOCK TABLES;

--
-- Table structure for table `data_freshness_snapshots`
--

DROP TABLE IF EXISTS `data_freshness_snapshots`;
/*!40101 SET @saved_cs_client     = @@character_set_client */;
/*!50503 SET character_set_client = utf8mb4 */;
CREATE TABLE `data_freshness_snapshots` (
  `freshness_id` bigint NOT NULL AUTO_INCREMENT,
  `entity_type` varchar(80) COLLATE utf8mb4_unicode_ci NOT NULL,
  `entity_key` varchar(255) COLLATE utf8mb4_unicode_ci NOT NULL,
  `source_reference_id` bigint DEFAULT NULL,
  `last_refreshed_at` datetime NOT NULL,
  `freshness_days` int DEFAULT NULL,
  `status` enum('fresh','stale','expired','unknown') COLLATE utf8mb4_unicode_ci NOT NULL DEFAULT 'unknown',
  `notes` text COLLATE utf8mb4_unicode_ci,
  `created_at` datetime NOT NULL DEFAULT CURRENT_TIMESTAMP,
  `updated_at` datetime NOT NULL DEFAULT CURRENT_TIMESTAMP ON UPDATE CURRENT_TIMESTAMP,
  PRIMARY KEY (`freshness_id`),
  UNIQUE KEY `uq_data_freshness` (`entity_type`,`entity_key`),
  KEY `fk_data_freshness_source` (`source_reference_id`),
  CONSTRAINT `fk_data_freshness_source` FOREIGN KEY (`source_reference_id`) REFERENCES `source_references` (`source_reference_id`) ON DELETE SET NULL
) ENGINE=InnoDB AUTO_INCREMENT=204 DEFAULT CHARSET=utf8mb4 COLLATE=utf8mb4_unicode_ci;
/*!40101 SET character_set_client = @saved_cs_client */;

--
-- Dumping data for table `data_freshness_snapshots`
--

LOCK TABLES `data_freshness_snapshots` WRITE;
/*!40000 ALTER TABLE `data_freshness_snapshots` DISABLE KEYS */;
INSERT INTO `data_freshness_snapshots` VALUES (1,'variant_aliases','variant:13',1,'2026-03-30 10:35:35',0,'fresh','Canonical alias set refreshed from the normalized catalog.','2026-03-30 10:35:34','2026-03-30 10:35:34'),(2,'variant_aliases','variant:14',1,'2026-03-30 10:35:35',0,'fresh','Canonical alias set refreshed from the normalized catalog.','2026-03-30 10:35:34','2026-03-30 10:35:34'),(3,'variant_aliases','variant:22',1,'2026-03-30 10:35:35',0,'fresh','Canonical alias set refreshed from the normalized catalog.','2026-03-30 10:35:34','2026-03-30 10:35:34'),(4,'variant_aliases','variant:21',1,'2026-03-30 10:35:35',0,'fresh','Canonical alias set refreshed from the normalized catalog.','2026-03-30 10:35:34','2026-03-30 10:35:34'),(5,'variant_aliases','variant:6',1,'2026-03-30 10:35:35',0,'fresh','Canonical alias set refreshed from the normalized catalog.','2026-03-30 10:35:34','2026-03-30 10:35:34'),(6,'variant_aliases','variant:5',1,'2026-03-30 10:35:35',0,'fresh','Canonical alias set refreshed from the normalized catalog.','2026-03-30 10:35:34','2026-03-30 10:35:34'),(7,'variant_aliases','variant:10',1,'2026-03-30 10:35:35',0,'fresh','Canonical alias set refreshed from the normalized catalog.','2026-03-30 10:35:34','2026-03-30 10:35:34'),(8,'variant_aliases','variant:9',1,'2026-03-30 10:35:35',0,'fresh','Canonical alias set refreshed from the normalized catalog.','2026-03-30 10:35:34','2026-03-30 10:35:34'),(9,'variant_aliases','variant:12',1,'2026-03-30 10:35:35',0,'fresh','Canonical alias set refreshed from the normalized catalog.','2026-03-30 10:35:34','2026-03-30 10:35:34'),(10,'variant_aliases','variant:11',1,'2026-03-30 10:35:35',0,'fresh','Canonical alias set refreshed from the normalized catalog.','2026-03-30 10:35:34','2026-03-30 10:35:34'),(11,'variant_aliases','variant:18',1,'2026-03-30 10:35:35',0,'fresh','Canonical alias set refreshed from the normalized catalog.','2026-03-30 10:35:34','2026-03-30 10:35:34'),(12,'variant_aliases','variant:17',1,'2026-03-30 10:35:35',0,'fresh','Canonical alias set refreshed from the normalized catalog.','2026-03-30 10:35:34','2026-03-30 10:35:34'),(13,'variant_aliases','variant:8',1,'2026-03-30 10:35:35',0,'fresh','Canonical alias set refreshed from the normalized catalog.','2026-03-30 10:35:34','2026-03-30 10:35:34'),(14,'variant_aliases','variant:7',1,'2026-03-30 10:35:35',0,'fresh','Canonical alias set refreshed from the normalized catalog.','2026-03-30 10:35:34','2026-03-30 10:35:34'),(15,'variant_aliases','variant:16',1,'2026-03-30 10:35:35',0,'fresh','Canonical alias set refreshed from the normalized catalog.','2026-03-30 10:35:34','2026-03-30 10:35:34'),(16,'variant_aliases','variant:15',1,'2026-03-30 10:35:35',0,'fresh','Canonical alias set refreshed from the normalized catalog.','2026-03-30 10:35:34','2026-03-30 10:35:34'),(17,'variant_aliases','variant:4',1,'2026-03-30 10:35:35',0,'fresh','Canonical alias set refreshed from the normalized catalog.','2026-03-30 10:35:34','2026-03-30 10:35:34'),(18,'variant_aliases','variant:3',1,'2026-03-30 10:35:35',0,'fresh','Canonical alias set refreshed from the normalized catalog.','2026-03-30 10:35:34','2026-03-30 10:35:34'),(19,'variant_aliases','variant:2',1,'2026-03-30 10:35:35',0,'fresh','Canonical alias set refreshed from the normalized catalog.','2026-03-30 10:35:34','2026-03-30 10:35:34'),(20,'variant_aliases','variant:1',1,'2026-03-30 10:35:35',0,'fresh','Canonical alias set refreshed from the normalized catalog.','2026-03-30 10:35:34','2026-03-30 10:35:34'),(21,'variant_aliases','variant:20',1,'2026-03-30 10:35:35',0,'fresh','Canonical alias set refreshed from the normalized catalog.','2026-03-30 10:35:34','2026-03-30 10:35:34'),(22,'variant_aliases','variant:19',1,'2026-03-30 10:35:35',0,'fresh','Canonical alias set refreshed from the normalized catalog.','2026-03-30 10:35:34','2026-03-30 10:35:34'),(23,'vehicle_market_signal','variant:13:market:2',2,'2026-03-30 10:35:35',0,'fresh','Derived from active marketplace listings.','2026-03-30 10:35:34','2026-03-30 10:35:34'),(24,'vehicle_market_signal','variant:12:market:1',2,'2026-03-30 10:35:35',0,'fresh','Derived from active marketplace listings.','2026-03-30 10:35:34','2026-03-30 10:35:34'),(25,'vehicle_market_signal','variant:6:market:2',2,'2026-03-30 10:35:35',0,'fresh','Derived from active marketplace listings.','2026-03-30 10:35:34','2026-03-30 10:35:34'),(26,'vehicle_market_signal','variant:15:market:1',2,'2026-03-30 10:35:35',0,'fresh','Derived from active marketplace listings.','2026-03-30 10:35:34','2026-03-30 10:35:34'),(27,'vehicle_market_signal','variant:16:market:1',2,'2026-03-30 10:35:35',0,'fresh','Derived from active marketplace listings.','2026-03-30 10:35:34','2026-03-30 10:35:34'),(28,'vehicle_market_signal','variant:21:market:1',2,'2026-03-30 10:35:35',0,'fresh','Derived from active marketplace listings.','2026-03-30 10:35:34','2026-03-30 10:35:34'),(29,'vehicle_market_signal','variant:8:market:1',2,'2026-03-30 10:35:35',0,'fresh','Derived from active marketplace listings.','2026-03-30 10:35:34','2026-03-30 10:35:34'),(30,'vehicle_market_signal','variant:6:market:1',2,'2026-03-30 10:35:35',0,'fresh','Derived from active marketplace listings.','2026-03-30 10:35:34','2026-03-30 10:35:34'),(31,'vehicle_market_signal','variant:15:market:2',2,'2026-03-30 10:35:35',0,'fresh','Derived from active marketplace listings.','2026-03-30 10:35:34','2026-03-30 10:35:34'),(32,'vehicle_market_signal','variant:4:market:2',2,'2026-03-30 10:35:35',0,'fresh','Derived from active marketplace listings.','2026-03-30 10:35:34','2026-03-30 10:35:34'),(33,'vehicle_market_signal','variant:16:market:2',2,'2026-03-30 10:35:35',0,'fresh','Derived from active marketplace listings.','2026-03-30 10:35:34','2026-03-30 10:35:34'),(34,'vehicle_market_signal','variant:18:market:2',2,'2026-03-30 10:35:35',0,'fresh','Derived from active marketplace listings.','2026-03-30 10:35:34','2026-03-30 10:35:34'),(35,'vehicle_market_signal','variant:19:market:2',2,'2026-03-30 10:35:35',0,'fresh','Derived from active marketplace listings.','2026-03-30 10:35:34','2026-03-30 10:35:34'),(36,'vehicle_market_signal','variant:17:market:1',2,'2026-03-30 10:35:35',0,'fresh','Derived from active marketplace listings.','2026-03-30 10:35:34','2026-03-30 10:35:34'),(37,'vehicle_market_signal','variant:9:market:1',2,'2026-03-30 10:35:35',0,'fresh','Derived from active marketplace listings.','2026-03-30 10:35:34','2026-03-30 10:35:34'),(38,'vehicle_market_signal','variant:7:market:1',2,'2026-03-30 10:35:35',0,'fresh','Derived from active marketplace listings.','2026-03-30 10:35:34','2026-03-30 10:35:34'),(39,'vehicle_market_signal','variant:22:market:1',2,'2026-03-30 10:35:35',0,'fresh','Derived from active marketplace listings.','2026-03-30 10:35:34','2026-03-30 10:35:34'),(40,'vehicle_market_signal','variant:14:market:2',2,'2026-03-30 10:35:35',0,'fresh','Derived from active marketplace listings.','2026-03-30 10:35:34','2026-03-30 10:35:34'),(41,'vehicle_market_signal','variant:10:market:2',2,'2026-03-30 10:35:35',0,'fresh','Derived from active marketplace listings.','2026-03-30 10:35:34','2026-03-30 10:35:34'),(42,'vehicle_market_signal','variant:2:market:2',2,'2026-03-30 10:35:35',0,'fresh','Derived from active marketplace listings.','2026-03-30 10:35:34','2026-03-30 10:35:34'),(43,'vehicle_market_signal','variant:9:market:2',2,'2026-03-30 10:35:35',0,'fresh','Derived from active marketplace listings.','2026-03-30 10:35:34','2026-03-30 10:35:34'),(44,'vehicle_market_signal','variant:11:market:1',2,'2026-03-30 10:35:35',0,'fresh','Derived from active marketplace listings.','2026-03-30 10:35:34','2026-03-30 10:35:34'),(45,'vehicle_market_signal','variant:18:market:1',2,'2026-03-30 10:35:35',0,'fresh','Derived from active marketplace listings.','2026-03-30 10:35:34','2026-03-30 10:35:34'),(46,'vehicle_market_signal','variant:20:market:1',2,'2026-03-30 10:35:35',0,'fresh','Derived from active marketplace listings.','2026-03-30 10:35:34','2026-03-30 10:35:34'),(47,'vehicle_market_signal','variant:5:market:2',2,'2026-03-30 10:35:35',0,'fresh','Derived from active marketplace listings.','2026-03-30 10:35:34','2026-03-30 10:35:34'),(48,'vehicle_market_signal','variant:7:market:2',2,'2026-03-30 10:35:35',0,'fresh','Derived from active marketplace listings.','2026-03-30 10:35:34','2026-03-30 10:35:34'),(49,'vehicle_market_signal','variant:3:market:2',2,'2026-03-30 10:35:35',0,'fresh','Derived from active marketplace listings.','2026-03-30 10:35:34','2026-03-30 10:35:34'),(50,'vehicle_market_signal','variant:5:market:1',2,'2026-03-30 10:35:35',0,'fresh','Derived from active marketplace listings.','2026-03-30 10:35:34','2026-03-30 10:35:34'),(51,'vehicle_market_signal','variant:11:market:2',2,'2026-03-30 10:35:35',0,'fresh','Derived from active marketplace listings.','2026-03-30 10:35:34','2026-03-30 10:35:34'),(52,'vehicle_market_signal','variant:19:market:1',2,'2026-03-30 10:35:35',0,'fresh','Derived from active marketplace listings.','2026-03-30 10:35:34','2026-03-30 10:35:34'),(53,'vehicle_market_signal','variant:12:market:2',2,'2026-03-30 10:35:35',0,'fresh','Derived from active marketplace listings.','2026-03-30 10:35:34','2026-03-30 10:35:34'),(54,'vehicle_market_signal','variant:13:market:1',2,'2026-03-30 10:35:35',0,'fresh','Derived from active marketplace listings.','2026-03-30 10:35:34','2026-03-30 10:35:34'),(55,'vehicle_market_signal','variant:22:market:2',2,'2026-03-30 10:35:35',0,'fresh','Derived from active marketplace listings.','2026-03-30 10:35:34','2026-03-30 10:35:34'),(56,'vehicle_market_signal','variant:20:market:2',2,'2026-03-30 10:35:35',0,'fresh','Derived from active marketplace listings.','2026-03-30 10:35:35','2026-03-30 10:35:35'),(57,'vehicle_market_signal','variant:10:market:1',2,'2026-03-30 10:35:35',0,'fresh','Derived from active marketplace listings.','2026-03-30 10:35:35','2026-03-30 10:35:35'),(58,'vehicle_market_signal','variant:1:market:1',2,'2026-03-30 10:35:35',0,'fresh','Derived from active marketplace listings.','2026-03-30 10:35:35','2026-03-30 10:35:35'),(59,'vehicle_market_signal','variant:1:market:2',2,'2026-03-30 10:35:35',0,'fresh','Derived from active marketplace listings.','2026-03-30 10:35:35','2026-03-30 10:35:35'),(60,'vehicle_market_signal','variant:14:market:1',2,'2026-03-30 10:35:35',0,'fresh','Derived from active marketplace listings.','2026-03-30 10:35:35','2026-03-30 10:35:35'),(61,'variant_price_history','variant:17:market:1',3,'2026-03-30 10:35:35',0,'fresh','Monthly price history proxy built from current listings and listing price history.','2026-03-30 10:35:35','2026-03-30 10:35:35'),(63,'variant_price_history','variant:12:market:1',3,'2026-03-30 10:35:35',0,'fresh','Monthly price history proxy built from current listings and listing price history.','2026-03-30 10:35:35','2026-03-30 10:35:35'),(64,'variant_price_history','variant:5:market:1',3,'2026-03-30 10:35:35',0,'fresh','Monthly price history proxy built from current listings and listing price history.','2026-03-30 10:35:35','2026-03-30 10:35:35'),(66,'variant_price_history','variant:10:market:2',3,'2026-03-30 10:35:35',0,'fresh','Monthly price history proxy built from current listings and listing price history.','2026-03-30 10:35:35','2026-03-30 10:35:35'),(69,'variant_price_history','variant:9:market:1',3,'2026-03-30 10:35:35',0,'fresh','Monthly price history proxy built from current listings and listing price history.','2026-03-30 10:35:35','2026-03-30 10:35:35'),(71,'variant_price_history','variant:15:market:1',3,'2026-03-30 10:35:35',0,'fresh','Monthly price history proxy built from current listings and listing price history.','2026-03-30 10:35:35','2026-03-30 10:35:35'),(72,'variant_price_history','variant:13:market:1',3,'2026-03-30 10:35:35',0,'fresh','Monthly price history proxy built from current listings and listing price history.','2026-03-30 10:35:35','2026-03-30 10:35:35'),(75,'variant_price_history','variant:11:market:1',3,'2026-03-30 10:35:35',0,'fresh','Monthly price history proxy built from current listings and listing price history.','2026-03-30 10:35:35','2026-03-30 10:35:35'),(78,'variant_price_history','variant:5:market:2',3,'2026-03-30 10:35:35',0,'fresh','Monthly price history proxy built from current listings and listing price history.','2026-03-30 10:35:35','2026-03-30 10:35:35'),(81,'variant_price_history','variant:16:market:2',3,'2026-03-30 10:35:35',0,'fresh','Monthly price history proxy built from current listings and listing price history.','2026-03-30 10:35:35','2026-03-30 10:35:35'),(82,'variant_price_history','variant:9:market:2',3,'2026-03-30 10:35:35',0,'fresh','Monthly price history proxy built from current listings and listing price history.','2026-03-30 10:35:35','2026-03-30 10:35:35'),(86,'variant_price_history','variant:21:market:1',3,'2026-03-30 10:35:35',0,'fresh','Monthly price history proxy built from current listings and listing price history.','2026-03-30 10:35:35','2026-03-30 10:35:35'),(91,'variant_price_history','variant:6:market:1',3,'2026-03-30 10:35:35',0,'fresh','Monthly price history proxy built from current listings and listing price history.','2026-03-30 10:35:35','2026-03-30 10:35:35'),(92,'variant_price_history','variant:18:market:2',3,'2026-03-30 10:35:35',0,'fresh','Monthly price history proxy built from current listings and listing price history.','2026-03-30 10:35:35','2026-03-30 10:35:35'),(95,'variant_price_history','variant:18:market:1',3,'2026-03-30 10:35:35',0,'fresh','Monthly price history proxy built from current listings and listing price history.','2026-03-30 10:35:35','2026-03-30 10:35:35'),(97,'variant_price_history','variant:22:market:1',3,'2026-03-30 10:35:35',0,'fresh','Monthly price history proxy built from current listings and listing price history.','2026-03-30 10:35:35','2026-03-30 10:35:35'),(100,'variant_price_history','variant:14:market:1',3,'2026-03-30 10:35:35',0,'fresh','Monthly price history proxy built from current listings and listing price history.','2026-03-30 10:35:35','2026-03-30 10:35:35'),(102,'variant_price_history','variant:1:market:2',3,'2026-03-30 10:35:35',0,'fresh','Monthly price history proxy built from current listings and listing price history.','2026-03-30 10:35:35','2026-03-30 10:35:35'),(106,'variant_price_history','variant:8:market:1',3,'2026-03-30 10:35:35',0,'fresh','Monthly price history proxy built from current listings and listing price history.','2026-03-30 10:35:35','2026-03-30 10:35:35'),(108,'variant_price_history','variant:3:market:2',3,'2026-03-30 10:35:35',0,'fresh','Monthly price history proxy built from current listings and listing price history.','2026-03-30 10:35:35','2026-03-30 10:35:35'),(111,'variant_price_history','variant:19:market:2',3,'2026-03-30 10:35:35',0,'fresh','Monthly price history proxy built from current listings and listing price history.','2026-03-30 10:35:35','2026-03-30 10:35:35'),(113,'variant_price_history','variant:14:market:2',3,'2026-03-30 10:35:35',0,'fresh','Monthly price history proxy built from current listings and listing price history.','2026-03-30 10:35:35','2026-03-30 10:35:35'),(117,'variant_price_history','variant:13:market:2',3,'2026-03-30 10:35:35',0,'fresh','Monthly price history proxy built from current listings and listing price history.','2026-03-30 10:35:35','2026-03-30 10:35:35'),(118,'variant_price_history','variant:10:market:1',3,'2026-03-30 10:35:35',0,'fresh','Monthly price history proxy built from current listings and listing price history.','2026-03-30 10:35:35','2026-03-30 10:35:35'),(122,'variant_price_history','variant:7:market:1',3,'2026-03-30 10:35:35',0,'fresh','Monthly price history proxy built from current listings and listing price history.','2026-03-30 10:35:35','2026-03-30 10:35:35'),(124,'variant_price_history','variant:12:market:2',3,'2026-03-30 10:35:35',0,'fresh','Monthly price history proxy built from current listings and listing price history.','2026-03-30 10:35:35','2026-03-30 10:35:35'),(128,'variant_price_history','variant:11:market:2',3,'2026-03-30 10:35:35',0,'fresh','Monthly price history proxy built from current listings and listing price history.','2026-03-30 10:35:35','2026-03-30 10:35:35'),(131,'variant_price_history','variant:1:market:1',3,'2026-03-30 10:35:35',0,'fresh','Monthly price history proxy built from current listings and listing price history.','2026-03-30 10:35:35','2026-03-30 10:35:35'),(133,'variant_price_history','variant:6:market:2',3,'2026-03-30 10:35:35',0,'fresh','Monthly price history proxy built from current listings and listing price history.','2026-03-30 10:35:35','2026-03-30 10:35:35'),(136,'variant_price_history','variant:15:market:2',3,'2026-03-30 10:35:35',0,'fresh','Monthly price history proxy built from current listings and listing price history.','2026-03-30 10:35:35','2026-03-30 10:35:35'),(137,'variant_price_history','variant:22:market:2',3,'2026-03-30 10:35:35',0,'fresh','Monthly price history proxy built from current listings and listing price history.','2026-03-30 10:35:35','2026-03-30 10:35:35'),(139,'variant_price_history','variant:4:market:2',3,'2026-03-30 10:35:35',0,'fresh','Monthly price history proxy built from current listings and listing price history.','2026-03-30 10:35:35','2026-03-30 10:35:35'),(141,'variant_price_history','variant:19:market:1',3,'2026-03-30 10:35:35',0,'fresh','Monthly price history proxy built from current listings and listing price history.','2026-03-30 10:35:35','2026-03-30 10:35:35'),(144,'variant_price_history','variant:7:market:2',3,'2026-03-30 10:35:35',0,'fresh','Monthly price history proxy built from current listings and listing price history.','2026-03-30 10:35:35','2026-03-30 10:35:35'),(153,'variant_price_history','variant:2:market:2',3,'2026-03-30 10:35:35',0,'fresh','Monthly price history proxy built from current listings and listing price history.','2026-03-30 10:35:35','2026-03-30 10:35:35'),(157,'variant_price_history','variant:16:market:1',3,'2026-03-30 10:35:35',0,'fresh','Monthly price history proxy built from current listings and listing price history.','2026-03-30 10:35:35','2026-03-30 10:35:35'),(164,'variant_price_history','variant:20:market:2',3,'2026-03-30 10:35:35',0,'fresh','Monthly price history proxy built from current listings and listing price history.','2026-03-30 10:35:35','2026-03-30 10:35:35'),(168,'variant_price_history','variant:20:market:1',3,'2026-03-30 10:35:35',0,'fresh','Monthly price history proxy built from current listings and listing price history.','2026-03-30 10:35:35','2026-03-30 10:35:35'),(174,'fuel_economy','variant:14',4,'2026-03-30 10:35:37',0,'unknown','No official fuel-economy row was returned for this variant lookup.','2026-03-30 10:35:37','2026-03-30 10:35:37'),(175,'fuel_economy','variant:13',5,'2026-03-30 10:35:38',0,'unknown','No official fuel-economy row was returned for this variant lookup.','2026-03-30 10:35:38','2026-03-30 10:35:38'),(176,'fuel_economy','variant:21',6,'2026-03-30 10:35:39',0,'unknown','No official fuel-economy row was returned for this variant lookup.','2026-03-30 10:35:39','2026-03-30 10:35:39'),(177,'fuel_economy','variant:22',7,'2026-03-30 10:35:41',0,'unknown','No official fuel-economy row was returned for this variant lookup.','2026-03-30 10:35:40','2026-03-30 10:35:40'),(178,'fuel_economy','variant:6',8,'2026-03-30 10:35:42',0,'unknown','No official fuel-economy row was returned for this variant lookup.','2026-03-30 10:35:41','2026-03-30 10:35:41'),(179,'fuel_economy','variant:10',9,'2026-03-30 10:35:43',0,'unknown','No official fuel-economy row was returned for this variant lookup.','2026-03-30 10:35:42','2026-03-30 10:35:42'),(180,'fuel_economy','variant:12',10,'2026-03-30 10:35:45',0,'fresh','Official FuelEconomy.gov snapshot cached for AI retrieval.','2026-03-30 10:35:45','2026-03-30 10:35:45'),(181,'fuel_economy','variant:18',11,'2026-03-30 10:35:46',0,'unknown','No official fuel-economy row was returned for this variant lookup.','2026-03-30 10:35:46','2026-03-30 10:35:46'),(182,'fuel_economy','variant:8',12,'2026-03-30 10:35:47',0,'unknown','No official fuel-economy row was returned for this variant lookup.','2026-03-30 10:35:47','2026-03-30 10:35:47'),(183,'fuel_economy','variant:16',13,'2026-03-30 10:35:49',0,'unknown','No official fuel-economy row was returned for this variant lookup.','2026-03-30 10:35:48','2026-03-30 10:35:48'),(184,'fuel_economy','variant:4',14,'2026-03-30 10:35:51',0,'fresh','Official FuelEconomy.gov snapshot cached for AI retrieval.','2026-03-30 10:35:50','2026-03-30 10:35:50'),(185,'fuel_economy','variant:2',15,'2026-03-30 10:35:53',0,'fresh','Official FuelEconomy.gov snapshot cached for AI retrieval.','2026-03-30 10:35:53','2026-03-30 10:35:53'),(186,'fuel_economy','variant:20',16,'2026-03-30 10:35:54',0,'unknown','No official fuel-economy row was returned for this variant lookup.','2026-03-30 10:35:54','2026-03-30 10:35:54'),(187,'fuel_economy','variant:5',17,'2026-03-30 10:35:56',0,'unknown','No official fuel-economy row was returned for this variant lookup.','2026-03-30 10:35:56','2026-03-30 10:35:56'),(188,'fuel_economy','variant:9',18,'2026-03-30 10:36:01',0,'unknown','No official fuel-economy row was returned for this variant lookup.','2026-03-30 10:36:00','2026-03-30 10:36:00'),(189,'recall_snapshot','variant:14',19,'2026-03-30 10:36:01',0,'fresh','Official NHTSA recall snapshot cached for AI retrieval.','2026-03-30 10:36:01','2026-03-30 10:36:01'),(190,'recall_snapshot','variant:13',20,'2026-03-30 10:36:02',0,'fresh','Official NHTSA recall snapshot cached for AI retrieval.','2026-03-30 10:36:01','2026-03-30 10:36:01'),(191,'recall_snapshot','variant:22',21,'2026-03-30 10:36:02',0,'unknown','Official NHTSA recall snapshot cached for AI retrieval.','2026-03-30 10:36:02','2026-03-30 10:36:02'),(192,'recall_snapshot','variant:21',22,'2026-03-30 10:36:03',0,'unknown','Official NHTSA recall snapshot cached for AI retrieval.','2026-03-30 10:36:02','2026-03-30 10:36:02'),(193,'recall_snapshot','variant:6',23,'2026-03-30 10:36:03',0,'fresh','Official NHTSA recall snapshot cached for AI retrieval.','2026-03-30 10:36:03','2026-03-30 10:36:03'),(194,'recall_snapshot','variant:10',24,'2026-03-30 10:36:04',0,'fresh','Official NHTSA recall snapshot cached for AI retrieval.','2026-03-30 10:36:03','2026-03-30 10:36:03'),(195,'recall_snapshot','variant:12',25,'2026-03-30 10:36:04',0,'fresh','Official NHTSA recall snapshot cached for AI retrieval.','2026-03-30 10:36:04','2026-03-30 10:36:04'),(196,'recall_snapshot','variant:18',26,'2026-03-30 10:36:05',0,'fresh','Official NHTSA recall snapshot cached for AI retrieval.','2026-03-30 10:36:04','2026-03-30 10:36:04'),(197,'recall_snapshot','variant:8',27,'2026-03-30 10:36:06',0,'fresh','Official NHTSA recall snapshot cached for AI retrieval.','2026-03-30 10:36:05','2026-03-30 10:36:05'),(198,'recall_snapshot','variant:16',28,'2026-03-30 10:36:06',0,'unknown','Official NHTSA recall snapshot cached for AI retrieval.','2026-03-30 10:36:05','2026-03-30 10:36:05'),(199,'recall_snapshot','variant:4',29,'2026-03-30 10:36:07',0,'fresh','Official NHTSA recall snapshot cached for AI retrieval.','2026-03-30 10:36:06','2026-03-30 10:36:06'),(200,'recall_snapshot','variant:2',30,'2026-03-30 10:36:07',0,'unknown','Official NHTSA recall snapshot cached for AI retrieval.','2026-03-30 10:36:07','2026-03-30 10:36:07'),(201,'recall_snapshot','variant:20',31,'2026-03-30 10:36:08',0,'fresh','Official NHTSA recall snapshot cached for AI retrieval.','2026-03-30 10:36:07','2026-03-30 10:36:07'),(202,'recall_snapshot','variant:5',32,'2026-03-30 10:36:08',0,'fresh','Official NHTSA recall snapshot cached for AI retrieval.','2026-03-30 10:36:08','2026-03-30 10:36:08'),(203,'recall_snapshot','variant:9',33,'2026-03-30 10:36:09',0,'fresh','Official NHTSA recall snapshot cached for AI retrieval.','2026-03-30 10:36:08','2026-03-30 10:36:08');
/*!40000 ALTER TABLE `data_freshness_snapshots` ENABLE KEYS */;
UNLOCK TABLES;

--
-- Table structure for table `external_identities`
--

DROP TABLE IF EXISTS `external_identities`;
/*!40101 SET @saved_cs_client     = @@character_set_client */;
/*!50503 SET character_set_client = utf8mb4 */;
CREATE TABLE `external_identities` (
  `external_identity_id` bigint NOT NULL AUTO_INCREMENT,
  `user_id` bigint NOT NULL,
  `provider_name` varchar(40) COLLATE utf8mb4_unicode_ci NOT NULL,
  `provider_user_id` varchar(190) COLLATE utf8mb4_unicode_ci NOT NULL,
  `provider_email` varchar(190) COLLATE utf8mb4_unicode_ci DEFAULT NULL,
  `provider_display_name` varchar(190) COLLATE utf8mb4_unicode_ci DEFAULT NULL,
  `provider_avatar_url` text COLLATE utf8mb4_unicode_ci,
  `provider_email_verified` tinyint(1) NOT NULL DEFAULT '0',
  `metadata_json` longtext COLLATE utf8mb4_unicode_ci,
  `created_at` datetime NOT NULL,
  `updated_at` datetime NOT NULL,
  PRIMARY KEY (`external_identity_id`),
  UNIQUE KEY `uniq_external_provider_user` (`provider_name`,`provider_user_id`),
  KEY `idx_external_user` (`user_id`),
  CONSTRAINT `external_identities_ibfk_1` FOREIGN KEY (`user_id`) REFERENCES `users` (`user_id`) ON UPDATE CASCADE
) ENGINE=InnoDB DEFAULT CHARSET=utf8mb4 COLLATE=utf8mb4_unicode_ci;
/*!40101 SET character_set_client = @saved_cs_client */;

--
-- Dumping data for table `external_identities`
--

LOCK TABLES `external_identities` WRITE;
/*!40000 ALTER TABLE `external_identities` DISABLE KEYS */;
/*!40000 ALTER TABLE `external_identities` ENABLE KEYS */;
UNLOCK TABLES;

--
-- Table structure for table `listing_images`
--

DROP TABLE IF EXISTS `listing_images`;
/*!40101 SET @saved_cs_client     = @@character_set_client */;
/*!50503 SET character_set_client = utf8mb4 */;
CREATE TABLE `listing_images` (
  `listing_image_id` bigint NOT NULL AUTO_INCREMENT,
  `listing_id` bigint NOT NULL,
  `url` longtext COLLATE utf8mb4_unicode_ci NOT NULL,
  `sort_order` int NOT NULL DEFAULT '0',
  PRIMARY KEY (`listing_image_id`),
  KEY `idx_listing_images_listing` (`listing_id`),
  CONSTRAINT `fk_listing_images_listing` FOREIGN KEY (`listing_id`) REFERENCES `listings` (`listing_id`) ON DELETE CASCADE ON UPDATE CASCADE
) ENGINE=InnoDB AUTO_INCREMENT=227 DEFAULT CHARSET=utf8mb4 COLLATE=utf8mb4_unicode_ci;
/*!40101 SET character_set_client = @saved_cs_client */;

--
-- Dumping data for table `listing_images`
--

LOCK TABLES `listing_images` WRITE;
/*!40000 ALTER TABLE `listing_images` DISABLE KEYS */;
INSERT INTO `listing_images` VALUES (1,1,'https://placekitten.com/619/16',0),(2,1,'https://picsum.photos/613/212',1),(3,1,'https://picsum.photos/541/236',2),(4,1,'https://dummyimage.com/318x557',3),(5,1,'https://picsum.photos/431/702',4),(6,2,'https://picsum.photos/267/536',0),(7,2,'https://placekitten.com/904/875',1),(8,3,'https://picsum.photos/81/732',0),(9,3,'https://dummyimage.com/511x210',1),(10,4,'https://placekitten.com/680/843',0),(11,4,'https://picsum.photos/508/546',1),(12,4,'https://picsum.photos/221/783',2),(13,4,'https://picsum.photos/963/455',3),(14,4,'https://dummyimage.com/942x716',4),(15,5,'https://picsum.photos/678/56',0),(16,5,'https://placekitten.com/534/365',1),(17,5,'https://picsum.photos/543/78',2),(18,5,'https://placekitten.com/889/707',3),(19,6,'https://dummyimage.com/403x745',0),(20,6,'https://placekitten.com/143/676',1),(21,6,'https://placekitten.com/642/255',2),(22,6,'https://placekitten.com/615/633',3),(23,6,'https://dummyimage.com/836x668',4),(24,7,'https://placekitten.com/437/969',0),(25,7,'https://dummyimage.com/347x173',1),(26,8,'https://dummyimage.com/149x932',0),(27,8,'https://dummyimage.com/398x786',1),(28,9,'https://picsum.photos/248/934',0),(29,9,'https://dummyimage.com/951x649',1),(30,9,'https://picsum.photos/873/913',2),(31,9,'https://dummyimage.com/972x921',3),(32,10,'https://dummyimage.com/849x834',0),(33,10,'https://picsum.photos/954/851',1),(34,11,'https://dummyimage.com/858x451',0),(35,11,'https://dummyimage.com/449x558',1),(36,11,'https://dummyimage.com/994x59',2),(37,11,'https://placekitten.com/688/828',3),(38,12,'https://dummyimage.com/532x776',0),(39,12,'https://dummyimage.com/433x931',1),(40,13,'https://picsum.photos/140/82',0),(41,13,'https://picsum.photos/506/408',1),(42,14,'https://picsum.photos/335/637',0),(43,14,'https://placekitten.com/52/638',1),(44,14,'https://placekitten.com/768/812',2),(45,14,'https://placekitten.com/406/155',3),(46,15,'https://dummyimage.com/25x860',0),(47,15,'https://dummyimage.com/216x887',1),(48,15,'https://dummyimage.com/941x313',2),(49,15,'https://placekitten.com/360/553',3),(50,15,'https://dummyimage.com/990x952',4),(51,16,'https://dummyimage.com/58x1012',0),(52,16,'https://picsum.photos/372/998',1),(53,16,'https://dummyimage.com/726x529',2),(54,16,'https://placekitten.com/572/565',3),(55,16,'https://picsum.photos/20/391',4),(56,17,'https://placekitten.com/704/871',0),(57,17,'https://placekitten.com/677/720',1),(58,18,'https://picsum.photos/379/392',0),(59,18,'https://placekitten.com/991/566',1),(60,18,'https://picsum.photos/579/205',2),(61,18,'https://dummyimage.com/606x465',3),(62,19,'https://dummyimage.com/582x961',0),(63,19,'https://picsum.photos/902/697',1),(64,19,'https://dummyimage.com/105x517',2),(65,19,'https://dummyimage.com/233x133',3),(66,19,'https://placekitten.com/1007/151',4),(67,20,'https://dummyimage.com/462x779',0),(68,20,'https://placekitten.com/906/608',1),(69,20,'https://placekitten.com/878/625',2),(70,21,'https://picsum.photos/596/66',0),(71,21,'https://placekitten.com/590/579',1),(72,21,'https://placekitten.com/929/145',2),(73,22,'https://dummyimage.com/899x254',0),(74,22,'https://dummyimage.com/622x824',1),(75,22,'https://dummyimage.com/1024x1011',2),(76,23,'https://placekitten.com/569/371',0),(77,23,'https://picsum.photos/892/1007',1),(78,24,'https://placekitten.com/827/2',0),(79,24,'https://picsum.photos/946/846',1),(80,24,'https://placekitten.com/384/740',2),(81,24,'https://picsum.photos/1020/905',3),(82,24,'https://placekitten.com/416/546',4),(83,25,'https://placekitten.com/945/240',0),(84,25,'https://placekitten.com/315/1020',1),(85,25,'https://dummyimage.com/597x559',2),(86,25,'https://picsum.photos/988/967',3),(87,26,'https://placekitten.com/5/579',0),(88,26,'https://picsum.photos/611/1002',1),(89,27,'https://picsum.photos/311/1014',0),(90,27,'https://picsum.photos/258/679',1),(91,27,'https://placekitten.com/901/204',2),(92,28,'https://placekitten.com/999/73',0),(93,28,'https://placekitten.com/140/480',1),(94,28,'https://placekitten.com/588/465',2),(95,28,'https://picsum.photos/185/888',3),(96,29,'https://picsum.photos/882/298',0),(97,29,'https://picsum.photos/843/368',1),(98,29,'https://placekitten.com/358/161',2),(99,29,'https://dummyimage.com/783x493',3),(100,29,'https://dummyimage.com/293x475',4),(101,30,'https://placekitten.com/781/735',0),(102,30,'https://picsum.photos/605/604',1),(103,31,'https://placekitten.com/513/280',0),(104,31,'https://dummyimage.com/198x80',1),(105,31,'https://placekitten.com/902/68',2),(106,31,'https://picsum.photos/747/269',3),(107,31,'https://placekitten.com/604/669',4),(108,32,'https://placekitten.com/462/813',0),(109,32,'https://dummyimage.com/749x184',1),(110,33,'https://placekitten.com/453/129',0),(111,33,'https://placekitten.com/950/618',1),(112,33,'https://picsum.photos/836/238',2),(113,34,'https://dummyimage.com/858x316',0),(114,34,'https://placekitten.com/202/1002',1),(115,34,'https://picsum.photos/835/572',2),(116,35,'https://dummyimage.com/388x250',0),(117,35,'https://placekitten.com/187/434',1),(118,36,'https://picsum.photos/5/567',0),(119,36,'https://picsum.photos/266/513',1),(120,36,'https://picsum.photos/225/52',2),(121,37,'https://placekitten.com/617/938',0),(122,37,'https://dummyimage.com/63x124',1),(123,37,'https://placekitten.com/822/873',2),(124,37,'https://placekitten.com/221/1004',3),(125,37,'https://picsum.photos/908/150',4),(126,38,'https://placekitten.com/603/929',0),(127,38,'https://placekitten.com/881/203',1),(128,38,'https://dummyimage.com/234x440',2),(129,38,'https://dummyimage.com/924x467',3),(130,38,'https://dummyimage.com/694x928',4),(131,39,'https://placekitten.com/122/675',0),(132,39,'https://dummyimage.com/250x841',1),(133,39,'https://dummyimage.com/866x105',2),(134,40,'https://picsum.photos/53/547',0),(135,40,'https://placekitten.com/369/559',1),(136,41,'https://placekitten.com/62/187',0),(137,41,'https://dummyimage.com/440x770',1),(138,41,'https://picsum.photos/929/698',2),(139,41,'https://placekitten.com/757/638',3),(140,41,'https://picsum.photos/664/173',4),(141,42,'https://placekitten.com/559/441',0),(142,42,'https://dummyimage.com/233x706',1),(143,43,'https://picsum.photos/881/359',0),(144,43,'https://placekitten.com/778/471',1),(145,43,'https://dummyimage.com/725x147',2),(146,43,'https://picsum.photos/86/893',3),(147,43,'https://dummyimage.com/941x159',4),(148,44,'https://picsum.photos/942/741',0),(149,44,'https://picsum.photos/894/216',1),(150,44,'https://placekitten.com/892/820',2),(151,45,'https://picsum.photos/719/302',0),(152,45,'https://dummyimage.com/210x299',1),(153,45,'https://placekitten.com/404/355',2),(154,46,'https://placekitten.com/919/661',0),(155,46,'https://dummyimage.com/647x309',1),(156,46,'https://dummyimage.com/139x960',2),(157,46,'https://placekitten.com/620/562',3),(158,46,'https://placekitten.com/115/720',4),(159,47,'https://dummyimage.com/947x84',0),(160,47,'https://placekitten.com/385/658',1),(161,47,'https://picsum.photos/974/308',2),(162,47,'https://dummyimage.com/922x211',3),(163,47,'https://picsum.photos/172/353',4),(164,48,'https://picsum.photos/307/682',0),(165,48,'https://dummyimage.com/289x716',1),(166,49,'https://placekitten.com/191/867',0),(167,49,'https://dummyimage.com/741x37',1),(168,50,'https://picsum.photos/339/896',0),(169,50,'https://placekitten.com/841/746',1),(170,51,'https://picsum.photos/857/331',0),(171,51,'https://picsum.photos/283/512',1),(172,51,'https://placekitten.com/984/760',2),(173,51,'https://dummyimage.com/210x255',3),(174,52,'https://dummyimage.com/459x57',0),(175,52,'https://picsum.photos/202/686',1),(176,53,'https://dummyimage.com/866x227',0),(177,53,'https://picsum.photos/486/616',1),(178,53,'https://dummyimage.com/97x488',2),(179,54,'https://dummyimage.com/41x799',0),(180,54,'https://dummyimage.com/89x792',1),(181,54,'https://dummyimage.com/519x33',2),(182,54,'https://picsum.photos/138/706',3),(183,54,'https://picsum.photos/212/680',4),(184,55,'https://picsum.photos/969/518',0),(185,55,'https://dummyimage.com/391x585',1),(186,56,'https://placekitten.com/1018/752',0),(187,56,'https://placekitten.com/546/169',1),(188,56,'https://dummyimage.com/869x161',2),(189,56,'https://dummyimage.com/369x601',3),(190,57,'https://placekitten.com/890/562',0),(191,57,'https://placekitten.com/117/153',1),(192,57,'https://placekitten.com/831/744',2),(193,58,'https://picsum.photos/570/511',0),(194,58,'https://dummyimage.com/53x381',1),(195,58,'https://dummyimage.com/792x241',2),(196,58,'https://picsum.photos/533/913',3),(197,58,'https://picsum.photos/584/1005',4),(198,59,'https://picsum.photos/594/614',0),(199,59,'https://placekitten.com/356/740',1),(200,59,'https://picsum.photos/459/248',2),(201,59,'https://dummyimage.com/284x484',3),(202,60,'https://placekitten.com/705/262',0),(203,60,'https://dummyimage.com/372x264',1),(204,60,'https://placekitten.com/113/254',2),(205,61,'https://placekitten.com/350/691',0),(206,61,'https://picsum.photos/84/58',1),(207,61,'https://placekitten.com/93/542',2),(208,61,'https://placekitten.com/431/853',3),(209,61,'https://placekitten.com/62/1019',4),(210,62,'https://picsum.photos/707/816',0),(211,62,'https://dummyimage.com/758x217',1),(212,62,'https://picsum.photos/495/955',2),(213,62,'https://picsum.photos/547/920',3),(214,63,'https://picsum.photos/722/99',0),(215,63,'https://placekitten.com/576/1013',1),(216,63,'https://placekitten.com/963/585',2),(217,63,'https://dummyimage.com/16x220',3),(218,63,'https://placekitten.com/274/541',4),(219,64,'https://picsum.photos/572/243',0),(220,64,'https://dummyimage.com/198x806',1),(221,64,'https://picsum.photos/694/748',2),(222,65,'https://placekitten.com/612/688',0),(223,65,'https://dummyimage.com/1003x613',1),(224,65,'https://dummyimage.com/34x754',2),(225,66,'https://picsum.photos/225/390',0),(226,66,'https://dummyimage.com/903x642',1);
/*!40000 ALTER TABLE `listing_images` ENABLE KEYS */;
UNLOCK TABLES;

--
-- Table structure for table `listing_price_history`
--

DROP TABLE IF EXISTS `listing_price_history`;
/*!40101 SET @saved_cs_client     = @@character_set_client */;
/*!50503 SET character_set_client = utf8mb4 */;
CREATE TABLE `listing_price_history` (
  `listing_price_id` bigint NOT NULL AUTO_INCREMENT,
  `listing_id` bigint NOT NULL,
  `price` decimal(14,2) NOT NULL,
  `changed_at` datetime NOT NULL DEFAULT CURRENT_TIMESTAMP,
  `note` varchar(255) COLLATE utf8mb4_unicode_ci DEFAULT NULL,
  PRIMARY KEY (`listing_price_id`),
  KEY `idx_listing_price_listing_time` (`listing_id`,`changed_at`),
  CONSTRAINT `fk_listing_price_listing` FOREIGN KEY (`listing_id`) REFERENCES `listings` (`listing_id`) ON DELETE CASCADE ON UPDATE CASCADE
) ENGINE=InnoDB AUTO_INCREMENT=201 DEFAULT CHARSET=utf8mb4 COLLATE=utf8mb4_unicode_ci;
/*!40101 SET character_set_client = @saved_cs_client */;

--
-- Dumping data for table `listing_price_history`
--

LOCK TABLES `listing_price_history` WRITE;
/*!40000 ALTER TABLE `listing_price_history` DISABLE KEYS */;
INSERT INTO `listing_price_history` VALUES (1,1,2055808000.00,'2026-02-16 10:35:29','Bootstrap market history point'),(2,1,2003241000.00,'2026-03-30 10:35:29','Bootstrap market history point'),(3,2,1818158000.00,'2026-03-18 10:35:29','Bootstrap market history point'),(4,2,1717504000.00,'2026-03-30 10:35:29','Bootstrap market history point'),(5,3,770630000.00,'2026-02-01 10:35:29','Bootstrap market history point'),(6,3,753739000.00,'2026-03-30 10:35:29','Bootstrap market history point'),(7,4,965851000.00,'2026-01-25 10:35:29','Bootstrap market history point'),(8,4,944924000.00,'2026-02-15 10:35:29','Bootstrap market history point'),(9,4,923997000.00,'2026-03-08 10:35:29','Bootstrap market history point'),(10,4,903070000.00,'2026-03-30 10:35:29','Bootstrap market history point'),(11,5,849372000.00,'2026-02-28 10:35:29','Bootstrap market history point'),(12,5,828820000.00,'2026-03-30 10:35:29','Bootstrap market history point'),(13,6,1441722000.00,'2026-03-12 10:35:29','Bootstrap market history point'),(14,6,1416046000.00,'2026-03-18 10:35:29','Bootstrap market history point'),(15,6,1390370000.00,'2026-03-24 10:35:29','Bootstrap market history point'),(16,6,1364695000.00,'2026-03-30 10:35:29','Bootstrap market history point'),(17,7,1991875000.00,'2026-02-13 10:35:29','Bootstrap market history point'),(18,7,1952722000.00,'2026-02-28 10:35:29','Bootstrap market history point'),(19,7,1913568000.00,'2026-03-15 10:35:29','Bootstrap market history point'),(20,7,1874415000.00,'2026-03-30 10:35:29','Bootstrap market history point'),(21,8,3645452000.00,'2025-12-13 10:35:29','Bootstrap market history point'),(22,8,3546893000.00,'2026-02-04 10:35:29','Bootstrap market history point'),(23,8,3448335000.00,'2026-03-30 10:35:29','Bootstrap market history point'),(24,9,1371189000.00,'2025-11-28 10:35:29','Bootstrap market history point'),(25,9,1348440000.00,'2026-01-28 10:35:29','Bootstrap market history point'),(26,9,1325690000.00,'2026-03-30 10:35:29','Bootstrap market history point'),(27,10,804990000.00,'2026-01-20 10:35:29','Bootstrap market history point'),(28,10,798924000.00,'2026-02-12 10:35:29','Bootstrap market history point'),(29,10,792859000.00,'2026-03-07 10:35:29','Bootstrap market history point'),(30,10,786793000.00,'2026-03-30 10:35:29','Bootstrap market history point'),(31,11,1877336000.00,'2026-03-07 10:35:29','Bootstrap market history point'),(32,11,1780075000.00,'2026-03-30 10:35:29','Bootstrap market history point'),(33,12,831938000.00,'2025-11-24 10:35:29','Bootstrap market history point'),(34,12,814384000.00,'2026-01-05 10:35:29','Bootstrap market history point'),(35,12,796829000.00,'2026-02-16 10:35:29','Bootstrap market history point'),(36,12,779274000.00,'2026-03-30 10:35:29','Bootstrap market history point'),(37,13,1141718000.00,'2026-01-29 10:35:29','Bootstrap market history point'),(38,13,1112695000.00,'2026-02-18 10:35:29','Bootstrap market history point'),(39,13,1083672000.00,'2026-03-10 10:35:29','Bootstrap market history point'),(40,13,1054650000.00,'2026-03-30 10:35:29','Bootstrap market history point'),(41,14,1975940000.00,'2025-11-03 10:35:29','Bootstrap market history point'),(42,14,1952904000.00,'2025-12-22 10:35:29','Bootstrap market history point'),(43,14,1929867000.00,'2026-02-09 10:35:29','Bootstrap market history point'),(44,14,1906831000.00,'2026-03-30 10:35:29','Bootstrap market history point'),(45,15,941510000.00,'2026-03-12 10:35:29','Bootstrap market history point'),(46,15,894699000.00,'2026-03-30 10:35:29','Bootstrap market history point'),(47,16,2574929000.00,'2026-02-22 10:35:29','Bootstrap market history point'),(48,16,2510010000.00,'2026-03-12 10:35:29','Bootstrap market history point'),(49,16,2445092000.00,'2026-03-30 10:35:29','Bootstrap market history point'),(50,17,1015346000.00,'2025-12-06 10:35:29','Bootstrap market history point'),(51,17,990614000.00,'2026-01-13 10:35:29','Bootstrap market history point'),(52,17,965882000.00,'2026-02-20 10:35:29','Bootstrap market history point'),(53,17,941150000.00,'2026-03-30 10:35:29','Bootstrap market history point'),(54,18,2520630000.00,'2026-02-13 10:35:29','Bootstrap market history point'),(55,18,2388194000.00,'2026-03-30 10:35:29','Bootstrap market history point'),(56,19,1285852000.00,'2026-01-12 10:35:29','Bootstrap market history point'),(57,19,1251100000.00,'2026-02-07 10:35:29','Bootstrap market history point'),(58,19,1216347000.00,'2026-03-04 10:35:29','Bootstrap market history point'),(59,19,1181595000.00,'2026-03-30 10:35:29','Bootstrap market history point'),(60,20,4270274000.00,'2025-12-12 10:35:29','Bootstrap market history point'),(61,20,4048944000.00,'2026-03-30 10:35:29','Bootstrap market history point'),(62,21,762025000.00,'2025-10-18 10:35:29','Bootstrap market history point'),(63,21,752136000.00,'2025-12-11 10:35:29','Bootstrap market history point'),(64,21,742247000.00,'2026-02-03 10:35:29','Bootstrap market history point'),(65,21,732358000.00,'2026-03-30 10:35:29','Bootstrap market history point'),(66,22,979714000.00,'2026-02-12 10:35:29','Bootstrap market history point'),(67,22,948097000.00,'2026-03-07 10:35:29','Bootstrap market history point'),(68,22,916481000.00,'2026-03-30 10:35:29','Bootstrap market history point'),(69,23,804379000.00,'2026-02-12 10:35:29','Bootstrap market history point'),(70,23,781756000.00,'2026-03-07 10:35:29','Bootstrap market history point'),(71,23,759133000.00,'2026-03-30 10:35:29','Bootstrap market history point'),(72,24,987535000.00,'2026-01-13 10:35:29','Bootstrap market history point'),(73,24,966470000.00,'2026-02-07 10:35:29','Bootstrap market history point'),(74,24,945405000.00,'2026-03-04 10:35:29','Bootstrap market history point'),(75,24,924340000.00,'2026-03-30 10:35:29','Bootstrap market history point'),(76,25,1105190000.00,'2026-02-15 10:35:29','Bootstrap market history point'),(77,25,1096176000.00,'2026-03-01 10:35:29','Bootstrap market history point'),(78,25,1087161000.00,'2026-03-15 10:35:29','Bootstrap market history point'),(79,25,1078147000.00,'2026-03-30 10:35:29','Bootstrap market history point'),(80,26,3957704000.00,'2025-12-27 10:35:29','Bootstrap market history point'),(81,26,3896680000.00,'2026-01-27 10:35:29','Bootstrap market history point'),(82,26,3835656000.00,'2026-02-27 10:35:29','Bootstrap market history point'),(83,26,3774632000.00,'2026-03-30 10:35:29','Bootstrap market history point'),(84,27,3490644000.00,'2026-03-24 10:35:29','Bootstrap market history point'),(85,27,3384408000.00,'2026-03-30 10:35:29','Bootstrap market history point'),(86,28,997533000.00,'2025-11-03 10:35:29','Bootstrap market history point'),(87,28,979682000.00,'2025-12-22 10:35:29','Bootstrap market history point'),(88,28,961831000.00,'2026-02-09 10:35:29','Bootstrap market history point'),(89,28,943980000.00,'2026-03-30 10:35:29','Bootstrap market history point'),(90,29,681118000.00,'2026-02-17 10:35:29','Bootstrap market history point'),(91,29,661872000.00,'2026-03-09 10:35:29','Bootstrap market history point'),(92,29,642627000.00,'2026-03-30 10:35:29','Bootstrap market history point'),(93,30,1726476000.00,'2026-01-13 10:35:29','Bootstrap market history point'),(94,30,1678350000.00,'2026-03-30 10:35:29','Bootstrap market history point'),(95,31,1038526000.00,'2026-01-23 10:35:29','Bootstrap market history point'),(96,31,1003507000.00,'2026-03-30 10:35:29','Bootstrap market history point'),(97,32,2591566000.00,'2025-11-15 10:35:29','Bootstrap market history point'),(98,32,2557020000.00,'2025-12-30 10:35:29','Bootstrap market history point'),(99,32,2522474000.00,'2026-02-13 10:35:29','Bootstrap market history point'),(100,32,2487929000.00,'2026-03-30 10:35:29','Bootstrap market history point'),(101,33,770398000.00,'2026-02-23 10:35:29','Bootstrap market history point'),(102,33,754087000.00,'2026-03-30 10:35:29','Bootstrap market history point'),(103,34,1567219000.00,'2026-01-10 10:35:29','Bootstrap market history point'),(104,34,1520707000.00,'2026-02-18 10:35:29','Bootstrap market history point'),(105,34,1474196000.00,'2026-03-30 10:35:29','Bootstrap market history point'),(106,35,728384000.00,'2025-12-18 10:35:29','Bootstrap market history point'),(107,35,693680000.00,'2026-03-30 10:35:29','Bootstrap market history point'),(108,36,979731000.00,'2026-03-18 10:35:29','Bootstrap market history point'),(109,36,927524000.00,'2026-03-30 10:35:29','Bootstrap market history point'),(110,37,959239000.00,'2025-10-27 10:35:29','Bootstrap market history point'),(111,37,940048000.00,'2025-12-17 10:35:29','Bootstrap market history point'),(112,37,920856000.00,'2026-02-06 10:35:29','Bootstrap market history point'),(113,37,901664000.00,'2026-03-30 10:35:29','Bootstrap market history point'),(114,38,1503407000.00,'2026-03-04 10:35:29','Bootstrap market history point'),(115,38,1452212000.00,'2026-03-30 10:35:29','Bootstrap market history point'),(116,39,1299898000.00,'2026-01-03 10:35:29','Bootstrap market history point'),(117,39,1265284000.00,'2026-03-30 10:35:29','Bootstrap market history point'),(118,40,1321837000.00,'2026-01-14 10:35:29','Bootstrap market history point'),(119,40,1294362000.00,'2026-03-30 10:35:29','Bootstrap market history point'),(120,41,1079335000.00,'2026-01-10 10:35:29','Bootstrap market history point'),(121,41,1058652000.00,'2026-02-18 10:35:29','Bootstrap market history point'),(122,41,1037969000.00,'2026-03-30 10:35:29','Bootstrap market history point'),(123,42,663554000.00,'2025-10-24 10:35:29','Bootstrap market history point'),(124,42,647107000.00,'2025-12-15 10:35:29','Bootstrap market history point'),(125,42,630660000.00,'2026-02-05 10:35:29','Bootstrap market history point'),(126,42,614214000.00,'2026-03-30 10:35:29','Bootstrap market history point'),(127,43,752584000.00,'2025-11-14 10:35:29','Bootstrap market history point'),(128,43,727570000.00,'2026-01-21 10:35:29','Bootstrap market history point'),(129,43,702557000.00,'2026-03-30 10:35:29','Bootstrap market history point'),(130,44,1084820000.00,'2025-12-29 10:35:29','Bootstrap market history point'),(131,44,1065781000.00,'2026-02-12 10:35:29','Bootstrap market history point'),(132,44,1046743000.00,'2026-03-30 10:35:29','Bootstrap market history point'),(133,45,1389460000.00,'2025-12-21 10:35:29','Bootstrap market history point'),(134,45,1319748000.00,'2026-03-30 10:35:29','Bootstrap market history point'),(135,46,753153000.00,'2026-03-08 10:35:29','Bootstrap market history point'),(136,46,742846000.00,'2026-03-19 10:35:29','Bootstrap market history point'),(137,46,732538000.00,'2026-03-30 10:35:29','Bootstrap market history point'),(138,47,3778922000.00,'2026-02-14 10:35:29','Bootstrap market history point'),(139,47,3706930000.00,'2026-03-08 10:35:29','Bootstrap market history point'),(140,47,3634939000.00,'2026-03-30 10:35:29','Bootstrap market history point'),(141,48,2041855000.00,'2026-02-01 10:35:29','Bootstrap market history point'),(142,48,2006834000.00,'2026-02-20 10:35:29','Bootstrap market history point'),(143,48,1971813000.00,'2026-03-11 10:35:29','Bootstrap market history point'),(144,48,1936792000.00,'2026-03-30 10:35:29','Bootstrap market history point'),(145,49,868436000.00,'2026-02-06 10:35:29','Bootstrap market history point'),(146,49,848181000.00,'2026-02-23 10:35:29','Bootstrap market history point'),(147,49,827926000.00,'2026-03-12 10:35:29','Bootstrap market history point'),(148,49,807672000.00,'2026-03-30 10:35:29','Bootstrap market history point'),(149,50,1317822000.00,'2026-02-26 10:35:29','Bootstrap market history point'),(150,50,1263540000.00,'2026-03-30 10:35:29','Bootstrap market history point'),(151,51,799838000.00,'2026-01-23 10:35:29','Bootstrap market history point'),(152,51,762106000.00,'2026-03-30 10:35:29','Bootstrap market history point'),(153,52,1667089000.00,'2026-02-28 10:35:29','Bootstrap market history point'),(154,52,1623460000.00,'2026-03-10 10:35:29','Bootstrap market history point'),(155,52,1579832000.00,'2026-03-20 10:35:29','Bootstrap market history point'),(156,52,1536204000.00,'2026-03-30 10:35:29','Bootstrap market history point'),(157,53,1903179000.00,'2026-03-09 10:35:29','Bootstrap market history point'),(158,53,1878961000.00,'2026-03-19 10:35:29','Bootstrap market history point'),(159,53,1854744000.00,'2026-03-30 10:35:29','Bootstrap market history point'),(160,54,842158000.00,'2026-02-08 10:35:29','Bootstrap market history point'),(161,54,806071000.00,'2026-03-30 10:35:29','Bootstrap market history point'),(162,55,3716358000.00,'2025-12-28 10:35:29','Bootstrap market history point'),(163,55,3634622000.00,'2026-02-12 10:35:29','Bootstrap market history point'),(164,55,3552885000.00,'2026-03-30 10:35:29','Bootstrap market history point'),(165,56,1805755000.00,'2025-10-31 10:35:29','Bootstrap market history point'),(166,56,1769510000.00,'2025-12-20 10:35:29','Bootstrap market history point'),(167,56,1733265000.00,'2026-02-08 10:35:29','Bootstrap market history point'),(168,56,1697020000.00,'2026-03-30 10:35:29','Bootstrap market history point'),(169,57,692003000.00,'2026-02-11 10:35:29','Bootstrap market history point'),(170,57,657558000.00,'2026-03-30 10:35:29','Bootstrap market history point'),(171,58,930772000.00,'2025-12-15 10:35:29','Bootstrap market history point'),(172,58,912794000.00,'2026-02-05 10:35:29','Bootstrap market history point'),(173,58,894815000.00,'2026-03-30 10:35:29','Bootstrap market history point'),(174,59,1221889000.00,'2025-10-19 10:35:29','Bootstrap market history point'),(175,59,1204174000.00,'2025-12-12 10:35:29','Bootstrap market history point'),(176,59,1186458000.00,'2026-02-04 10:35:29','Bootstrap market history point'),(177,59,1168743000.00,'2026-03-30 10:35:29','Bootstrap market history point'),(178,60,1072105000.00,'2026-03-08 10:35:29','Bootstrap market history point'),(179,60,1040239000.00,'2026-03-19 10:35:29','Bootstrap market history point'),(180,60,1008372000.00,'2026-03-30 10:35:29','Bootstrap market history point'),(181,61,1299030000.00,'2025-12-31 10:35:29','Bootstrap market history point'),(182,61,1254898000.00,'2026-03-30 10:35:29','Bootstrap market history point'),(183,62,1250092000.00,'2026-01-21 10:35:29','Bootstrap market history point'),(184,62,1228576000.00,'2026-02-13 10:35:29','Bootstrap market history point'),(185,62,1207061000.00,'2026-03-07 10:35:29','Bootstrap market history point'),(186,62,1185545000.00,'2026-03-30 10:35:29','Bootstrap market history point'),(187,63,877603000.00,'2026-01-21 10:35:29','Bootstrap market history point'),(188,63,862251000.00,'2026-02-24 10:35:29','Bootstrap market history point'),(189,63,846899000.00,'2026-03-30 10:35:29','Bootstrap market history point'),(190,64,1320837000.00,'2026-02-26 10:35:29','Bootstrap market history point'),(191,64,1305772000.00,'2026-03-09 10:35:29','Bootstrap market history point'),(192,64,1290707000.00,'2026-03-19 10:35:29','Bootstrap market history point'),(193,64,1275642000.00,'2026-03-30 10:35:29','Bootstrap market history point'),(194,65,902392000.00,'2026-03-05 10:35:29','Bootstrap market history point'),(195,65,885968000.00,'2026-03-17 10:35:29','Bootstrap market history point'),(196,65,869545000.00,'2026-03-30 10:35:29','Bootstrap market history point'),(197,66,1439287000.00,'2026-01-27 10:35:29','Bootstrap market history point'),(198,66,1400376000.00,'2026-02-17 10:35:29','Bootstrap market history point'),(199,66,1361464000.00,'2026-03-09 10:35:29','Bootstrap market history point'),(200,66,1322552000.00,'2026-03-30 10:35:29','Bootstrap market history point');
/*!40000 ALTER TABLE `listing_price_history` ENABLE KEYS */;
UNLOCK TABLES;

--
-- Table structure for table `listings`
--

DROP TABLE IF EXISTS `listings`;
/*!40101 SET @saved_cs_client     = @@character_set_client */;
/*!50503 SET character_set_client = utf8mb4 */;
CREATE TABLE `listings` (
  `listing_id` bigint NOT NULL AUTO_INCREMENT,
  `owner_id` bigint NOT NULL,
  `variant_id` bigint NOT NULL,
  `asking_price` decimal(14,2) NOT NULL,
  `mileage_km` int DEFAULT NULL,
  `location_city` varchar(120) COLLATE utf8mb4_unicode_ci DEFAULT NULL,
  `location_country_code` char(2) COLLATE utf8mb4_unicode_ci NOT NULL DEFAULT 'VN',
  `status` enum('active','reserved','sold','hidden') COLLATE utf8mb4_unicode_ci NOT NULL DEFAULT 'active',
  `description` text COLLATE utf8mb4_unicode_ci,
  `created_at` timestamp NOT NULL DEFAULT CURRENT_TIMESTAMP,
  `updated_at` timestamp NOT NULL DEFAULT CURRENT_TIMESTAMP ON UPDATE CURRENT_TIMESTAMP,
  PRIMARY KEY (`listing_id`),
  KEY `idx_listings_owner` (`owner_id`),
  KEY `idx_listings_variant` (`variant_id`),
  KEY `idx_listings_status` (`status`),
  KEY `idx_listings_location` (`location_country_code`,`location_city`),
  CONSTRAINT `fk_listings_owner` FOREIGN KEY (`owner_id`) REFERENCES `users` (`user_id`) ON DELETE CASCADE ON UPDATE CASCADE,
  CONSTRAINT `fk_listings_variant` FOREIGN KEY (`variant_id`) REFERENCES `car_variants` (`variant_id`) ON DELETE RESTRICT ON UPDATE CASCADE
) ENGINE=InnoDB AUTO_INCREMENT=67 DEFAULT CHARSET=utf8mb4 COLLATE=utf8mb4_unicode_ci;
/*!40101 SET character_set_client = @saved_cs_client */;

--
-- Dumping data for table `listings`
--

LOCK TABLES `listings` WRITE;
/*!40000 ALTER TABLE `listings` DISABLE KEYS */;
INSERT INTO `listings` VALUES (1,18,17,2003241000.00,85296,'Lake Debbie','VN','active','Upon very act perform none beyond. Defense enter value thing these hard citizen.','2026-01-06 10:35:29','2026-03-30 10:35:29'),(2,15,12,1717504000.00,78096,'Williamview','VN','active','Plant stop analysis four.','2026-03-06 10:35:29','2026-03-30 10:35:29'),(3,6,5,753739000.00,93092,'North Charlesberg','VN','active','Strong old challenge. Among half value win.','2025-12-06 10:35:29','2026-03-30 10:35:29'),(4,13,10,903070000.00,73384,'Dicksonberg','US','active','Wish specific thing agent.','2026-01-04 10:35:29','2026-03-30 10:35:29'),(5,18,9,828820000.00,93788,'East Andrew','VN','active','Foreign ten whom evidence political hundred.','2026-01-29 10:35:29','2026-03-30 10:35:29'),(6,18,15,1364695000.00,71104,'Samuelhaven','VN','active','Tonight couple and job mind southern.','2026-03-06 10:35:29','2026-03-30 10:35:29'),(7,6,17,1874415000.00,96562,'Angelaborough','VN','active','Quality total past feeling nature a. Decision size parent focus kid.','2026-01-30 10:35:29','2026-03-30 10:35:29'),(8,8,13,3448335000.00,83708,'Clarencebury','VN','active','Southern challenge animal worker particularly.','2025-10-21 10:35:29','2026-03-30 10:35:29'),(9,17,11,1325690000.00,64179,'Sancheztown','VN','active','Despite sound receive let newspaper true.','2025-09-28 10:35:29','2026-03-30 10:35:29'),(10,5,5,786793000.00,69321,'Port Dana','US','active','Phone ever back experience even floor music. Character him check degree.','2025-12-28 10:35:29','2026-03-30 10:35:29'),(11,4,16,1780075000.00,35969,'Port Robert','US','active','Task she herself. Wall fear hope.','2026-02-13 10:35:29','2026-03-30 10:35:29'),(12,12,9,779274000.00,87433,'Port Tanner','US','active','Move trade option production base investment term consider.','2025-10-13 10:35:29','2026-03-30 10:35:29'),(13,10,21,1054650000.00,28788,'Kathleenfurt','VN','active','Edge bank affect much yourself glass.','2026-01-10 10:35:29','2026-03-30 10:35:29'),(14,18,17,1906831000.00,66930,'East David','VN','active','Way let eight hard paper white responsibility.','2025-09-16 10:35:29','2026-03-30 10:35:29'),(15,9,6,894699000.00,38457,'North Heidi','VN','active','South someone not American mouth product attention positive.','2026-02-23 10:35:29','2026-03-30 10:35:29'),(16,1,18,2445092000.00,30573,'Marcusbury','US','active','Think during let particular her.','2026-02-05 10:35:29','2026-03-30 10:35:29'),(17,18,21,941150000.00,26931,'Lake Richard','VN','active','Real position make society behavior. Identify during professional hard network.','2025-10-30 10:35:29','2026-03-30 10:35:29'),(18,18,18,2388194000.00,30352,'Nelsonview','VN','active','Return firm sea week.','2025-12-30 10:35:29','2026-03-30 10:35:29'),(19,12,22,1181595000.00,38353,'West Alexis','VN','active','Ever window network recently. Point sell bill activity.','2025-12-18 10:35:29','2026-03-30 10:35:29'),(20,5,14,4048944000.00,37514,'East Edwardshire','VN','active','Yes budget share paper.','2025-08-26 10:35:29','2026-03-30 10:35:29'),(21,6,1,732358000.00,73540,'New Susanville','US','active','Decision produce church community avoid able late order.','2025-08-25 10:35:29','2026-03-30 10:35:29'),(22,4,10,916481000.00,24537,'West Kristin','US','active','Product value interesting name positive training step author. Society organization station TV.','2026-01-21 10:35:29','2026-03-30 10:35:29'),(23,12,8,759133000.00,74123,'New Billchester','VN','active','Economy before while structure offer week yourself public. Office several compare million kind.','2026-01-20 10:35:29','2026-03-30 10:35:29'),(24,11,3,924340000.00,39099,'Baileymouth','US','active','Tax form really explain. Spend nearly lawyer fire follow wife.','2025-12-19 10:35:29','2026-03-30 10:35:29'),(25,11,19,1078147000.00,45118,'West Samuel','US','active','Ahead picture son report. Nearly need behavior yeah tree.','2026-02-01 10:35:29','2026-03-30 10:35:29'),(26,14,14,3774632000.00,73539,'Arnoldfurt','US','active','Meet these tell everybody so increase various meet.','2025-11-27 10:35:29','2026-03-30 10:35:29'),(27,7,13,3384408000.00,68450,'Ryanstad','US','active','Several help usually thank wonder draw him. Analysis seat relate specific history professional.','2026-03-18 10:35:29','2026-03-30 10:35:29'),(28,11,10,943980000.00,65475,'Smithberg','VN','active','Avoid sit enter perhaps. Power system system teacher here first.','2025-09-15 10:35:29','2026-03-30 10:35:29'),(29,14,7,642627000.00,68752,'South Garrettport','VN','active','Food argue grow.','2026-01-28 10:35:29','2026-03-30 10:35:29'),(30,6,12,1678350000.00,41723,'Stevetown','US','active','Quality citizen kid generation onto. Real lead few yourself table blood.','2025-10-29 10:35:29','2026-03-30 10:35:29'),(31,14,3,1003507000.00,109516,'Hillshire','US','active','Seat strategy total simply discover soon despite couple.','2025-11-19 10:35:29','2026-03-30 10:35:29'),(32,17,18,2487929000.00,81059,'Thompsonberg','VN','active','Most tree store either station loss. Second full boy while cell.','2025-10-01 10:35:29','2026-03-30 10:35:29'),(33,11,9,754087000.00,60784,'West Amandamouth','US','active','Once state wait board doctor. People wall foreign.','2026-01-20 10:35:29','2026-03-30 10:35:29'),(34,8,11,1474196000.00,39545,'North Kevinfort','US','active','Doctor Mr home he.','2025-12-02 10:35:29','2026-03-30 10:35:29'),(35,16,1,693680000.00,49342,'Jeffmouth','VN','active','Between rate name within grow huge.','2025-09-07 10:35:29','2026-03-30 10:35:29'),(36,6,6,927524000.00,67607,'North Kristinbury','US','active','Day stop never only spend do similar.','2026-03-06 10:35:29','2026-03-30 10:35:29'),(37,15,3,901664000.00,90901,'West Kristybury','US','active','Administration enter camera inside box as. Sing message board mean war analysis situation.','2025-09-06 10:35:29','2026-03-30 10:35:29'),(38,17,15,1452212000.00,101810,'Charleneland','US','active','Person one Republican herself our.','2026-02-06 10:35:29','2026-03-30 10:35:29'),(39,9,22,1265284000.00,56163,'Blairmouth','US','active','Professor hear check type attack story. It season head candidate.','2025-10-09 10:35:29','2026-03-30 10:35:29'),(40,10,4,1294362000.00,44010,'Michaelshire','US','active','Choice lot suggest glass news. Several off southern suddenly.','2025-10-31 10:35:29','2026-03-30 10:35:29'),(41,13,19,1037969000.00,58043,'Sandrastad','VN','active','Thank not husband center.','2025-12-02 10:35:29','2026-03-30 10:35:29'),(42,14,7,614214000.00,85069,'East Karen','US','active','Evening product magazine kind.','2025-09-02 10:35:29','2026-03-30 10:35:29'),(43,13,1,702557000.00,76105,'West Erikashire','US','active','Project animal house out account feeling deep. Share face build market.','2025-09-07 10:35:29','2026-03-30 10:35:29'),(44,18,19,1046743000.00,101582,'Berrychester','VN','active','If whom commercial way.','2025-11-14 10:35:29','2026-03-30 10:35:29'),(45,1,4,1319748000.00,65835,'South Monicamouth','US','active','Single baby plan most create simply.','2025-09-14 10:35:29','2026-03-30 10:35:29'),(46,18,8,732538000.00,47822,'Port Katherine','VN','active','Week physical less nor.','2026-02-25 10:35:29','2026-03-30 10:35:29'),(47,6,14,3634939000.00,46844,'West Steventon','US','active','Story baby ten talk past medical.','2026-01-23 10:35:29','2026-03-30 10:35:29'),(48,9,16,1936792000.00,76520,'Lake Samuel','US','active','Mission city health executive impact full our. Positive at behind question exist rich prevent trade.','2026-01-13 10:35:29','2026-03-30 10:35:29'),(49,18,2,807672000.00,84385,'Andersonland','US','active','Heavy social spend prove stock school rate.','2026-01-20 10:35:29','2026-03-30 10:35:29'),(50,2,22,1263540000.00,84233,'Henryborough','VN','active','Court yourself choice fast small medical music. Also from short capital heavy class story.','2026-01-26 10:35:29','2026-03-30 10:35:29'),(51,5,5,762106000.00,44993,'South Cheryl','VN','active','Move finally speak light strong. Question now key show sing me.','2025-11-19 10:35:29','2026-03-30 10:35:29'),(52,4,15,1536204000.00,51465,'Port Ethanmouth','US','active','Store begin treat stage. Us increase how hear history bank.','2026-02-19 10:35:29','2026-03-30 10:35:29'),(53,13,16,1854744000.00,68859,'North Justin','VN','active','Serve light past town. Eight strong nature.','2026-02-27 10:35:29','2026-03-30 10:35:29'),(54,4,8,806071000.00,59088,'Brownfort','VN','active','Administration middle drop century investment pass drive. Cost property model guess well name.','2025-12-20 10:35:29','2026-03-30 10:35:29'),(55,17,13,3552885000.00,22829,'West Amyburgh','US','active','Place specific as simply leader fall analysis. Though firm financial huge spring.','2025-11-13 10:35:29','2026-03-30 10:35:29'),(56,15,12,1697020000.00,50540,'Port Dianaview','VN','active','Join hundred keep what fund cost.','2025-09-12 10:35:29','2026-03-30 10:35:29'),(57,16,7,657558000.00,107656,'North Markport','US','active','Owner international ready goal amount thank good.','2025-12-26 10:35:29','2026-03-30 10:35:29'),(58,9,2,894815000.00,37981,'North Douglas','US','active','Alone attack sing hand him note. Check last he know baby case happen fire.','2025-10-24 10:35:29','2026-03-30 10:35:29'),(59,11,20,1168743000.00,35901,'East Melissamouth','US','active','Young specific whose worry property remember.','2025-08-26 10:35:29','2026-03-30 10:35:29'),(60,9,21,1008372000.00,55857,'West Angelastad','VN','active','Candidate this assume huge response long improve. Statement available win politics last quite.','2026-02-25 10:35:29','2026-03-30 10:35:29'),(61,18,20,1254898000.00,67259,'West Fred','US','active','Generation wait thus suffer economy. Ever person pass behavior political option oil.','2025-10-04 10:35:29','2026-03-30 10:35:29'),(62,3,20,1185545000.00,48502,'Dawnport','VN','active','Source rate father authority art. Indeed less future century technology floor.','2025-12-30 10:35:29','2026-03-30 10:35:29'),(63,12,2,846899000.00,70885,'North Brent','US','active','Industry while total spend value return couple city. Level these market bed hotel lead drive.','2025-12-18 10:35:29','2026-03-30 10:35:29'),(64,8,4,1275642000.00,34621,'Kathrynstad','US','active','Anything no guy eye hit late.','2026-02-16 10:35:29','2026-03-30 10:35:29'),(65,16,6,869545000.00,60639,'New William','US','active','And case four. Mind chance throw cause use five hotel.','2026-02-21 10:35:29','2026-03-30 10:35:29'),(66,6,11,1322552000.00,100010,'South Brandytown','VN','active','Enter pretty will official dinner anything lose. Pick people subject challenge quite all way.','2026-01-07 10:35:29','2026-03-30 10:35:29');
/*!40000 ALTER TABLE `listings` ENABLE KEYS */;
UNLOCK TABLES;

--
-- Table structure for table `markets`
--

DROP TABLE IF EXISTS `markets`;
/*!40101 SET @saved_cs_client     = @@character_set_client */;
/*!50503 SET character_set_client = utf8mb4 */;
CREATE TABLE `markets` (
  `market_id` int NOT NULL AUTO_INCREMENT,
  `country_code` char(2) COLLATE utf8mb4_unicode_ci NOT NULL,
  `currency_code` char(3) COLLATE utf8mb4_unicode_ci NOT NULL,
  `name` varchar(120) COLLATE utf8mb4_unicode_ci NOT NULL,
  PRIMARY KEY (`market_id`),
  UNIQUE KEY `uq_market_country_currency` (`country_code`,`currency_code`)
) ENGINE=InnoDB AUTO_INCREMENT=3 DEFAULT CHARSET=utf8mb4 COLLATE=utf8mb4_unicode_ci;
/*!40101 SET character_set_client = @saved_cs_client */;

--
-- Dumping data for table `markets`
--

LOCK TABLES `markets` WRITE;
/*!40000 ALTER TABLE `markets` DISABLE KEYS */;
INSERT INTO `markets` VALUES (1,'VN','VND','Vietnam (VND)'),(2,'US','USD','United States (USD)');
/*!40000 ALTER TABLE `markets` ENABLE KEYS */;
UNLOCK TABLES;

--
-- Table structure for table `notifications`
--

DROP TABLE IF EXISTS `notifications`;
/*!40101 SET @saved_cs_client     = @@character_set_client */;
/*!50503 SET character_set_client = utf8mb4 */;
CREATE TABLE `notifications` (
  `notification_id` bigint NOT NULL AUTO_INCREMENT,
  `user_id` bigint NOT NULL,
  `entity_type` enum('listing','viewing_request','report','price_alert','system') COLLATE utf8mb4_unicode_ci NOT NULL DEFAULT 'system',
  `entity_id` bigint DEFAULT NULL,
  `title` varchar(160) COLLATE utf8mb4_unicode_ci DEFAULT NULL,
  `message` text COLLATE utf8mb4_unicode_ci NOT NULL,
  `status` enum('unread','read') COLLATE utf8mb4_unicode_ci NOT NULL DEFAULT 'unread',
  `created_at` timestamp NOT NULL DEFAULT CURRENT_TIMESTAMP,
  `read_at` datetime DEFAULT NULL,
  PRIMARY KEY (`notification_id`),
  KEY `idx_notifications_user_status_time` (`user_id`,`status`,`created_at`),
  CONSTRAINT `fk_notifications_user` FOREIGN KEY (`user_id`) REFERENCES `users` (`user_id`) ON DELETE CASCADE ON UPDATE CASCADE
) ENGINE=InnoDB DEFAULT CHARSET=utf8mb4 COLLATE=utf8mb4_unicode_ci;
/*!40101 SET character_set_client = @saved_cs_client */;

--
-- Dumping data for table `notifications`
--

LOCK TABLES `notifications` WRITE;
/*!40000 ALTER TABLE `notifications` DISABLE KEYS */;
/*!40000 ALTER TABLE `notifications` ENABLE KEYS */;
UNLOCK TABLES;

--
-- Table structure for table `otp_challenges`
--

DROP TABLE IF EXISTS `otp_challenges`;
/*!40101 SET @saved_cs_client     = @@character_set_client */;
/*!50503 SET character_set_client = utf8mb4 */;
CREATE TABLE `otp_challenges` (
  `challenge_id` bigint NOT NULL AUTO_INCREMENT,
  `destination_type` enum('email','phone') COLLATE utf8mb4_unicode_ci NOT NULL,
  `destination_value` varchar(190) COLLATE utf8mb4_unicode_ci NOT NULL,
  `purpose` enum('login','register','verify_contact','passwordless_signin') COLLATE utf8mb4_unicode_ci NOT NULL DEFAULT 'login',
  `otp_hash` varchar(255) COLLATE utf8mb4_unicode_ci NOT NULL,
  `expires_at` datetime NOT NULL,
  `consumed_at` datetime DEFAULT NULL,
  `last_sent_at` datetime NOT NULL,
  `attempt_count` int NOT NULL DEFAULT '0',
  `resend_count` int NOT NULL DEFAULT '0',
  `metadata_json` longtext COLLATE utf8mb4_unicode_ci,
  `created_at` datetime NOT NULL,
  PRIMARY KEY (`challenge_id`),
  KEY `idx_otp_destination` (`destination_type`,`destination_value`),
  KEY `idx_otp_purpose_expiry` (`purpose`,`expires_at`)
) ENGINE=InnoDB DEFAULT CHARSET=utf8mb4 COLLATE=utf8mb4_unicode_ci;
/*!40101 SET character_set_client = @saved_cs_client */;

--
-- Dumping data for table `otp_challenges`
--

LOCK TABLES `otp_challenges` WRITE;
/*!40000 ALTER TABLE `otp_challenges` DISABLE KEYS */;
/*!40000 ALTER TABLE `otp_challenges` ENABLE KEYS */;
UNLOCK TABLES;

--
-- Table structure for table `reports`
--

DROP TABLE IF EXISTS `reports`;
/*!40101 SET @saved_cs_client     = @@character_set_client */;
/*!50503 SET character_set_client = utf8mb4 */;
CREATE TABLE `reports` (
  `report_id` bigint NOT NULL AUTO_INCREMENT,
  `reporter_id` bigint NOT NULL,
  `entity_type` enum('listing','car_review','seller_review','user') COLLATE utf8mb4_unicode_ci NOT NULL,
  `entity_id` bigint NOT NULL,
  `reason` text COLLATE utf8mb4_unicode_ci NOT NULL,
  `status` enum('pending','reviewing','resolved','rejected') COLLATE utf8mb4_unicode_ci NOT NULL DEFAULT 'pending',
  `created_at` timestamp NOT NULL DEFAULT CURRENT_TIMESTAMP,
  `resolved_at` datetime DEFAULT NULL,
  `resolved_by` bigint DEFAULT NULL,
  PRIMARY KEY (`report_id`),
  KEY `idx_reports_status_time` (`status`,`created_at`),
  KEY `idx_reports_entity` (`entity_type`,`entity_id`),
  KEY `fk_reports_reporter` (`reporter_id`),
  KEY `fk_reports_resolved_by` (`resolved_by`),
  CONSTRAINT `fk_reports_reporter` FOREIGN KEY (`reporter_id`) REFERENCES `users` (`user_id`) ON DELETE CASCADE ON UPDATE CASCADE,
  CONSTRAINT `fk_reports_resolved_by` FOREIGN KEY (`resolved_by`) REFERENCES `users` (`user_id`) ON DELETE SET NULL ON UPDATE CASCADE
) ENGINE=InnoDB DEFAULT CHARSET=utf8mb4 COLLATE=utf8mb4_unicode_ci;
/*!40101 SET character_set_client = @saved_cs_client */;

--
-- Dumping data for table `reports`
--

LOCK TABLES `reports` WRITE;
/*!40000 ALTER TABLE `reports` DISABLE KEYS */;
/*!40000 ALTER TABLE `reports` ENABLE KEYS */;
UNLOCK TABLES;

--
-- Table structure for table `saved_listings`
--

DROP TABLE IF EXISTS `saved_listings`;
/*!40101 SET @saved_cs_client     = @@character_set_client */;
/*!50503 SET character_set_client = utf8mb4 */;
CREATE TABLE `saved_listings` (
  `user_id` bigint NOT NULL,
  `listing_id` bigint NOT NULL,
  `created_at` timestamp NOT NULL DEFAULT CURRENT_TIMESTAMP,
  PRIMARY KEY (`user_id`,`listing_id`),
  KEY `fk_saved_listings_listing` (`listing_id`),
  CONSTRAINT `fk_saved_listings_listing` FOREIGN KEY (`listing_id`) REFERENCES `listings` (`listing_id`) ON DELETE CASCADE ON UPDATE CASCADE,
  CONSTRAINT `fk_saved_listings_user` FOREIGN KEY (`user_id`) REFERENCES `users` (`user_id`) ON DELETE CASCADE ON UPDATE CASCADE
) ENGINE=InnoDB DEFAULT CHARSET=utf8mb4 COLLATE=utf8mb4_unicode_ci;
/*!40101 SET character_set_client = @saved_cs_client */;

--
-- Dumping data for table `saved_listings`
--

LOCK TABLES `saved_listings` WRITE;
/*!40000 ALTER TABLE `saved_listings` DISABLE KEYS */;
/*!40000 ALTER TABLE `saved_listings` ENABLE KEYS */;
UNLOCK TABLES;

--
-- Table structure for table `saved_logs`
--

DROP TABLE IF EXISTS `saved_logs`;
/*!40101 SET @saved_cs_client     = @@character_set_client */;
/*!50503 SET character_set_client = utf8mb4 */;
CREATE TABLE `saved_logs` (
  `log_id` bigint NOT NULL AUTO_INCREMENT,
  `user_id` bigint NOT NULL,
  `entity_type` enum('listing','variant') COLLATE utf8mb4_unicode_ci NOT NULL,
  `entity_id` bigint NOT NULL,
  `action` enum('saved','unsaved') COLLATE utf8mb4_unicode_ci NOT NULL,
  `created_at` timestamp NOT NULL DEFAULT CURRENT_TIMESTAMP,
  PRIMARY KEY (`log_id`),
  KEY `idx_saved_logs_user_time` (`user_id`,`created_at`),
  KEY `idx_saved_logs_entity` (`entity_type`,`entity_id`),
  CONSTRAINT `fk_saved_logs_user` FOREIGN KEY (`user_id`) REFERENCES `users` (`user_id`) ON DELETE CASCADE ON UPDATE CASCADE
) ENGINE=InnoDB DEFAULT CHARSET=utf8mb4 COLLATE=utf8mb4_unicode_ci;
/*!40101 SET character_set_client = @saved_cs_client */;

--
-- Dumping data for table `saved_logs`
--

LOCK TABLES `saved_logs` WRITE;
/*!40000 ALTER TABLE `saved_logs` DISABLE KEYS */;
/*!40000 ALTER TABLE `saved_logs` ENABLE KEYS */;
UNLOCK TABLES;

--
-- Table structure for table `seller_reviews`
--

DROP TABLE IF EXISTS `seller_reviews`;
/*!40101 SET @saved_cs_client     = @@character_set_client */;
/*!50503 SET character_set_client = utf8mb4 */;
CREATE TABLE `seller_reviews` (
  `seller_review_id` bigint NOT NULL AUTO_INCREMENT,
  `seller_id` bigint NOT NULL,
  `buyer_id` bigint NOT NULL,
  `listing_id` bigint DEFAULT NULL,
  `rating` tinyint NOT NULL,
  `comment` text COLLATE utf8mb4_unicode_ci,
  `created_at` timestamp NOT NULL DEFAULT CURRENT_TIMESTAMP,
  PRIMARY KEY (`seller_review_id`),
  KEY `idx_seller_reviews_seller` (`seller_id`),
  KEY `idx_seller_reviews_buyer` (`buyer_id`),
  KEY `fk_seller_reviews_listing` (`listing_id`),
  CONSTRAINT `fk_seller_reviews_buyer` FOREIGN KEY (`buyer_id`) REFERENCES `users` (`user_id`) ON DELETE CASCADE ON UPDATE CASCADE,
  CONSTRAINT `fk_seller_reviews_listing` FOREIGN KEY (`listing_id`) REFERENCES `listings` (`listing_id`) ON DELETE SET NULL ON UPDATE CASCADE,
  CONSTRAINT `fk_seller_reviews_seller` FOREIGN KEY (`seller_id`) REFERENCES `users` (`user_id`) ON DELETE CASCADE ON UPDATE CASCADE
) ENGINE=InnoDB DEFAULT CHARSET=utf8mb4 COLLATE=utf8mb4_unicode_ci;
/*!40101 SET character_set_client = @saved_cs_client */;

--
-- Dumping data for table `seller_reviews`
--

LOCK TABLES `seller_reviews` WRITE;
/*!40000 ALTER TABLE `seller_reviews` DISABLE KEYS */;
/*!40000 ALTER TABLE `seller_reviews` ENABLE KEYS */;
UNLOCK TABLES;

--
-- Table structure for table `source_references`
--

DROP TABLE IF EXISTS `source_references`;
/*!40101 SET @saved_cs_client     = @@character_set_client */;
/*!50503 SET character_set_client = utf8mb4 */;
CREATE TABLE `source_references` (
  `source_reference_id` bigint NOT NULL AUTO_INCREMENT,
  `provider_key` varchar(120) COLLATE utf8mb4_unicode_ci NOT NULL,
  `source_type` enum('seed','internal_marketplace','official_api','configured_feed','web','manual') COLLATE utf8mb4_unicode_ci NOT NULL,
  `title` varchar(255) COLLATE utf8mb4_unicode_ci NOT NULL,
  `url` varchar(500) COLLATE utf8mb4_unicode_ci DEFAULT NULL,
  `trust_level` enum('high','medium','low') COLLATE utf8mb4_unicode_ci NOT NULL DEFAULT 'medium',
  `retrieved_at` datetime NOT NULL,
  `update_cadence` varchar(120) COLLATE utf8mb4_unicode_ci DEFAULT NULL,
  `notes` text COLLATE utf8mb4_unicode_ci,
  `created_at` datetime NOT NULL DEFAULT CURRENT_TIMESTAMP,
  `updated_at` datetime NOT NULL DEFAULT CURRENT_TIMESTAMP ON UPDATE CURRENT_TIMESTAMP,
  PRIMARY KEY (`source_reference_id`),
  KEY `idx_source_references_provider` (`provider_key`),
  KEY `idx_source_references_type` (`source_type`)
) ENGINE=InnoDB AUTO_INCREMENT=34 DEFAULT CHARSET=utf8mb4 COLLATE=utf8mb4_unicode_ci;
/*!40101 SET character_set_client = @saved_cs_client */;

--
-- Dumping data for table `source_references`
--

LOCK TABLES `source_references` WRITE;
/*!40000 ALTER TABLE `source_references` DISABLE KEYS */;
INSERT INTO `source_references` VALUES (1,'canonical_catalog','manual','Canonical vehicle catalog from internal normalized tables',NULL,'high','2026-03-30 10:35:35','on demand','Reuses existing car_makes/car_models/car_variants as the canonical vehicle layer.','2026-03-30 10:35:34','2026-03-30 10:35:34'),(2,'internal_marketplace','internal_marketplace','Internal marketplace listings and listing history',NULL,'high','2026-03-30 10:35:35','daily',NULL,'2026-03-30 10:35:34','2026-03-30 10:35:34'),(3,'listing_price_history_rollup','internal_marketplace','Variant price-history rollup derived from listing and listing_price_history tables',NULL,'high','2026-03-30 10:35:35','daily',NULL,'2026-03-30 10:35:35','2026-03-30 10:35:35'),(4,'fuel_economy_gov','official_api','FuelEconomy.gov lookup for 2024 BMW X5','https://www.fueleconomy.gov/ws/rest/vehicle/menu/options?year=2024&make=BMW&model=X5','high','2026-03-30 10:35:37','monthly','No matching official option id was found for this lookup.','2026-03-30 10:35:37','2026-03-30 10:35:37'),(5,'fuel_economy_gov','official_api','FuelEconomy.gov lookup for 2024 BMW X5','https://www.fueleconomy.gov/ws/rest/vehicle/menu/options?year=2024&make=BMW&model=X5','high','2026-03-30 10:35:38','monthly','No matching official option id was found for this lookup.','2026-03-30 10:35:38','2026-03-30 10:35:38'),(6,'fuel_economy_gov','official_api','FuelEconomy.gov lookup for 2024 BYD Seal','https://www.fueleconomy.gov/ws/rest/vehicle/menu/options?year=2024&make=BYD&model=Seal','high','2026-03-30 10:35:39','monthly','No matching official option id was found for this lookup.','2026-03-30 10:35:39','2026-03-30 10:35:39'),(7,'fuel_economy_gov','official_api','FuelEconomy.gov lookup for 2024 BYD Seal','https://www.fueleconomy.gov/ws/rest/vehicle/menu/options?year=2024&make=BYD&model=Seal','high','2026-03-30 10:35:41','monthly','No matching official option id was found for this lookup.','2026-03-30 10:35:40','2026-03-30 10:35:40'),(8,'fuel_economy_gov','official_api','FuelEconomy.gov lookup for 2024 Honda Civic','https://www.fueleconomy.gov/ws/rest/vehicle/menu/options?year=2024&make=Honda&model=Civic','high','2026-03-30 10:35:42','monthly','No matching official option id was found for this lookup.','2026-03-30 10:35:41','2026-03-30 10:35:41'),(9,'fuel_economy_gov','official_api','FuelEconomy.gov lookup for 2024 Hyundai Tucson','https://www.fueleconomy.gov/ws/rest/vehicle/menu/options?year=2024&make=Hyundai&model=Tucson','high','2026-03-30 10:35:43','monthly','No matching official option id was found for this lookup.','2026-03-30 10:35:42','2026-03-30 10:35:42'),(10,'fuel_economy_gov','official_api','FuelEconomy.gov profile for 2024 Kia Carnival','https://www.fueleconomy.gov/ws/rest/vehicle/46503','high','2026-03-30 10:35:45','monthly',NULL,'2026-03-30 10:35:45','2026-03-30 10:35:45'),(11,'fuel_economy_gov','official_api','FuelEconomy.gov lookup for 2024 Lexus NX','https://www.fueleconomy.gov/ws/rest/vehicle/menu/options?year=2024&make=Lexus&model=NX','high','2026-03-30 10:35:46','monthly','No matching official option id was found for this lookup.','2026-03-30 10:35:46','2026-03-30 10:35:46'),(12,'fuel_economy_gov','official_api','FuelEconomy.gov lookup for 2024 Mazda Mazda3','https://www.fueleconomy.gov/ws/rest/vehicle/menu/options?year=2024&make=Mazda&model=Mazda3','high','2026-03-30 10:35:47','monthly','No matching official option id was found for this lookup.','2026-03-30 10:35:47','2026-03-30 10:35:47'),(13,'fuel_economy_gov','official_api','FuelEconomy.gov lookup for 2024 Mercedes-Benz C-Class','https://www.fueleconomy.gov/ws/rest/vehicle/menu/options?year=2024&make=Mercedes-Benz&model=C-Class','high','2026-03-30 10:35:49','monthly','No matching official option id was found for this lookup.','2026-03-30 10:35:48','2026-03-30 10:35:48'),(14,'fuel_economy_gov','official_api','FuelEconomy.gov profile for 2024 Toyota Camry','https://www.fueleconomy.gov/ws/rest/vehicle/47085','high','2026-03-30 10:35:51','monthly',NULL,'2026-03-30 10:35:50','2026-03-30 10:35:50'),(15,'fuel_economy_gov','official_api','FuelEconomy.gov profile for 2024 Toyota Corolla Cross','https://www.fueleconomy.gov/ws/rest/vehicle/47635','high','2026-03-30 10:35:53','monthly',NULL,'2026-03-30 10:35:53','2026-03-30 10:35:53'),(16,'fuel_economy_gov','official_api','FuelEconomy.gov lookup for 2024 VinFast VF 8','https://www.fueleconomy.gov/ws/rest/vehicle/menu/options?year=2024&make=VinFast&model=VF%208','high','2026-03-30 10:35:54','monthly','No matching official option id was found for this lookup.','2026-03-30 10:35:54','2026-03-30 10:35:54'),(17,'fuel_economy_gov','official_api','FuelEconomy.gov lookup for 2023 Honda Civic','https://www.fueleconomy.gov/ws/rest/vehicle/menu/options?year=2023&make=Honda&model=Civic','high','2026-03-30 10:35:56','monthly','No matching official option id was found for this lookup.','2026-03-30 10:35:56','2026-03-30 10:35:56'),(18,'fuel_economy_gov','official_api','FuelEconomy.gov lookup for 2023 Hyundai Tucson','https://www.fueleconomy.gov/ws/rest/vehicle/menu/options?year=2023&make=Hyundai&model=Tucson','high','2026-03-30 10:36:01','monthly','No matching official option id was found for this lookup.','2026-03-30 10:36:00','2026-03-30 10:36:00'),(19,'nhtsa_recalls','official_api','NHTSA recall lookup for 2024 BMW X5','https://api.nhtsa.gov/recalls/recallsByVehicle?make=BMW&model=X5&modelYear=2024','high','2026-03-30 10:36:01','weekly',NULL,'2026-03-30 10:36:01','2026-03-30 10:36:01'),(20,'nhtsa_recalls','official_api','NHTSA recall lookup for 2024 BMW X5','https://api.nhtsa.gov/recalls/recallsByVehicle?make=BMW&model=X5&modelYear=2024','high','2026-03-30 10:36:02','weekly',NULL,'2026-03-30 10:36:01','2026-03-30 10:36:01'),(21,'nhtsa_recalls','official_api','NHTSA recall lookup for 2024 BYD Seal','https://api.nhtsa.gov/recalls/recallsByVehicle?make=BYD&model=Seal&modelYear=2024','high','2026-03-30 10:36:02','weekly','Recall lookup unavailable: HTTPError','2026-03-30 10:36:02','2026-03-30 10:36:02'),(22,'nhtsa_recalls','official_api','NHTSA recall lookup for 2024 BYD Seal','https://api.nhtsa.gov/recalls/recallsByVehicle?make=BYD&model=Seal&modelYear=2024','high','2026-03-30 10:36:03','weekly','Recall lookup unavailable: HTTPError','2026-03-30 10:36:02','2026-03-30 10:36:02'),(23,'nhtsa_recalls','official_api','NHTSA recall lookup for 2024 Honda Civic','https://api.nhtsa.gov/recalls/recallsByVehicle?make=Honda&model=Civic&modelYear=2024','high','2026-03-30 10:36:03','weekly',NULL,'2026-03-30 10:36:03','2026-03-30 10:36:03'),(24,'nhtsa_recalls','official_api','NHTSA recall lookup for 2024 Hyundai Tucson','https://api.nhtsa.gov/recalls/recallsByVehicle?make=Hyundai&model=Tucson&modelYear=2024','high','2026-03-30 10:36:04','weekly',NULL,'2026-03-30 10:36:03','2026-03-30 10:36:03'),(25,'nhtsa_recalls','official_api','NHTSA recall lookup for 2024 Kia Carnival','https://api.nhtsa.gov/recalls/recallsByVehicle?make=Kia&model=Carnival&modelYear=2024','high','2026-03-30 10:36:04','weekly',NULL,'2026-03-30 10:36:04','2026-03-30 10:36:04'),(26,'nhtsa_recalls','official_api','NHTSA recall lookup for 2024 Lexus NX','https://api.nhtsa.gov/recalls/recallsByVehicle?make=Lexus&model=NX&modelYear=2024','high','2026-03-30 10:36:05','weekly',NULL,'2026-03-30 10:36:04','2026-03-30 10:36:04'),(27,'nhtsa_recalls','official_api','NHTSA recall lookup for 2024 Mazda Mazda3','https://api.nhtsa.gov/recalls/recallsByVehicle?make=Mazda&model=Mazda3&modelYear=2024','high','2026-03-30 10:36:06','weekly',NULL,'2026-03-30 10:36:05','2026-03-30 10:36:05'),(28,'nhtsa_recalls','official_api','NHTSA recall lookup for 2024 Mercedes-Benz C-Class','https://api.nhtsa.gov/recalls/recallsByVehicle?make=Mercedes-Benz&model=C-Class&modelYear=2024','high','2026-03-30 10:36:06','weekly','Recall lookup unavailable: HTTPError','2026-03-30 10:36:05','2026-03-30 10:36:05'),(29,'nhtsa_recalls','official_api','NHTSA recall lookup for 2024 Toyota Camry','https://api.nhtsa.gov/recalls/recallsByVehicle?make=Toyota&model=Camry&modelYear=2024','high','2026-03-30 10:36:07','weekly',NULL,'2026-03-30 10:36:06','2026-03-30 10:36:06'),(30,'nhtsa_recalls','official_api','NHTSA recall lookup for 2024 Toyota Corolla Cross','https://api.nhtsa.gov/recalls/recallsByVehicle?make=Toyota&model=Corolla%20Cross&modelYear=2024','high','2026-03-30 10:36:07','weekly','Recall lookup unavailable: HTTPError','2026-03-30 10:36:07','2026-03-30 10:36:07'),(31,'nhtsa_recalls','official_api','NHTSA recall lookup for 2024 VinFast VF 8','https://api.nhtsa.gov/recalls/recallsByVehicle?make=VinFast&model=VF%208&modelYear=2024','high','2026-03-30 10:36:08','weekly',NULL,'2026-03-30 10:36:07','2026-03-30 10:36:07'),(32,'nhtsa_recalls','official_api','NHTSA recall lookup for 2023 Honda Civic','https://api.nhtsa.gov/recalls/recallsByVehicle?make=Honda&model=Civic&modelYear=2023','high','2026-03-30 10:36:08','weekly',NULL,'2026-03-30 10:36:08','2026-03-30 10:36:08'),(33,'nhtsa_recalls','official_api','NHTSA recall lookup for 2023 Hyundai Tucson','https://api.nhtsa.gov/recalls/recallsByVehicle?make=Hyundai&model=Tucson&modelYear=2023','high','2026-03-30 10:36:09','weekly',NULL,'2026-03-30 10:36:08','2026-03-30 10:36:08');
/*!40000 ALTER TABLE `source_references` ENABLE KEYS */;
UNLOCK TABLES;

--
-- Table structure for table `tco_profiles`
--

DROP TABLE IF EXISTS `tco_profiles`;
/*!40101 SET @saved_cs_client     = @@character_set_client */;
/*!50503 SET character_set_client = utf8mb4 */;
CREATE TABLE `tco_profiles` (
  `profile_id` int NOT NULL AUTO_INCREMENT,
  `market_id` int NOT NULL,
  `name` varchar(120) COLLATE utf8mb4_unicode_ci NOT NULL,
  `description` text COLLATE utf8mb4_unicode_ci,
  `created_at` timestamp NOT NULL DEFAULT CURRENT_TIMESTAMP,
  PRIMARY KEY (`profile_id`),
  KEY `idx_tco_profiles_market` (`market_id`),
  CONSTRAINT `fk_tco_profiles_market` FOREIGN KEY (`market_id`) REFERENCES `markets` (`market_id`) ON DELETE RESTRICT ON UPDATE CASCADE
) ENGINE=InnoDB AUTO_INCREMENT=3 DEFAULT CHARSET=utf8mb4 COLLATE=utf8mb4_unicode_ci;
/*!40101 SET character_set_client = @saved_cs_client */;

--
-- Dumping data for table `tco_profiles`
--

LOCK TABLES `tco_profiles` WRITE;
/*!40000 ALTER TABLE `tco_profiles` DISABLE KEYS */;
INSERT INTO `tco_profiles` VALUES (1,1,'Vietnam passenger car baseline','Bootstrap tax and ownership rules for Vietnam passenger cars.','2026-03-30 10:35:28'),(2,2,'United States passenger car baseline','Bootstrap tax and ownership rules for US passenger cars.','2026-03-30 10:35:28');
/*!40000 ALTER TABLE `tco_profiles` ENABLE KEYS */;
UNLOCK TABLES;

--
-- Table structure for table `tco_rules`
--

DROP TABLE IF EXISTS `tco_rules`;
/*!40101 SET @saved_cs_client     = @@character_set_client */;
/*!50503 SET character_set_client = utf8mb4 */;
CREATE TABLE `tco_rules` (
  `rule_id` bigint NOT NULL AUTO_INCREMENT,
  `profile_id` int NOT NULL,
  `cost_type` enum('registration_tax','excise_tax','vat','import_duty','insurance','maintenance','depreciation','other') COLLATE utf8mb4_unicode_ci NOT NULL,
  `rule_kind` enum('rate','fixed','formula') COLLATE utf8mb4_unicode_ci NOT NULL DEFAULT 'rate',
  `rate` decimal(10,6) DEFAULT NULL,
  `fixed_amount` decimal(14,2) DEFAULT NULL,
  `formula_json` json DEFAULT NULL,
  `applies_to` enum('all','ev','ice','hybrid','phev') COLLATE utf8mb4_unicode_ci NOT NULL DEFAULT 'all',
  `created_at` timestamp NOT NULL DEFAULT CURRENT_TIMESTAMP,
  PRIMARY KEY (`rule_id`),
  KEY `idx_tco_rules_profile` (`profile_id`),
  CONSTRAINT `fk_tco_rules_profile` FOREIGN KEY (`profile_id`) REFERENCES `tco_profiles` (`profile_id`) ON DELETE CASCADE ON UPDATE CASCADE
) ENGINE=InnoDB AUTO_INCREMENT=10 DEFAULT CHARSET=utf8mb4 COLLATE=utf8mb4_unicode_ci;
/*!40101 SET character_set_client = @saved_cs_client */;

--
-- Dumping data for table `tco_rules`
--

LOCK TABLES `tco_rules` WRITE;
/*!40000 ALTER TABLE `tco_rules` DISABLE KEYS */;
INSERT INTO `tco_rules` VALUES (1,1,'registration_tax','rate',0.120000,NULL,NULL,'all','2026-03-30 10:35:28'),(2,1,'vat','rate',0.100000,NULL,NULL,'all','2026-03-30 10:35:28'),(3,1,'insurance','rate',0.015000,NULL,NULL,'all','2026-03-30 10:35:28'),(4,1,'maintenance','formula',NULL,NULL,'{\"rate\": 1.1, \"formula\": \"per_km\"}','all','2026-03-30 10:35:28'),(5,1,'depreciation','formula',NULL,NULL,'{\"rate\": 0.12, \"formula\": \"declining_balance\"}','all','2026-03-30 10:35:28'),(6,2,'registration_tax','rate',0.060000,NULL,NULL,'all','2026-03-30 10:35:28'),(7,2,'insurance','fixed',NULL,1800.00,NULL,'all','2026-03-30 10:35:28'),(8,2,'maintenance','formula',NULL,NULL,'{\"rate\": 0.08, \"formula\": \"per_km\"}','all','2026-03-30 10:35:28'),(9,2,'depreciation','formula',NULL,NULL,'{\"rate\": 0.11, \"formula\": \"declining_balance\"}','all','2026-03-30 10:35:28');
/*!40000 ALTER TABLE `tco_rules` ENABLE KEYS */;
UNLOCK TABLES;

--
-- Table structure for table `users`
--

DROP TABLE IF EXISTS `users`;
/*!40101 SET @saved_cs_client     = @@character_set_client */;
/*!50503 SET character_set_client = utf8mb4 */;
CREATE TABLE `users` (
  `user_id` bigint NOT NULL AUTO_INCREMENT,
  `name` varchar(120) COLLATE utf8mb4_unicode_ci NOT NULL,
  `email` varchar(190) COLLATE utf8mb4_unicode_ci NOT NULL,
  `phone` varchar(30) COLLATE utf8mb4_unicode_ci DEFAULT NULL,
  `password_hash` varchar(255) COLLATE utf8mb4_unicode_ci NOT NULL,
  `role` enum('user','admin') COLLATE utf8mb4_unicode_ci NOT NULL DEFAULT 'user',
  `created_at` timestamp NOT NULL DEFAULT CURRENT_TIMESTAMP,
  `updated_at` timestamp NOT NULL DEFAULT CURRENT_TIMESTAMP ON UPDATE CURRENT_TIMESTAMP,
  PRIMARY KEY (`user_id`),
  UNIQUE KEY `email` (`email`),
  KEY `idx_users_phone` (`phone`)
) ENGINE=InnoDB AUTO_INCREMENT=20 DEFAULT CHARSET=utf8mb4 COLLATE=utf8mb4_unicode_ci;
/*!40101 SET character_set_client = @saved_cs_client */;

--
-- Dumping data for table `users`
--

LOCK TABLES `users` WRITE;
/*!40000 ALTER TABLE `users` DISABLE KEYS */;
INSERT INTO `users` VALUES (1,'Allison Hill','donaldgarcia@example.net','0819600133','dev_seed_password_hash','user','2026-03-30 10:35:28','2026-03-30 10:35:28'),(2,'Alyssa Gonzalez','lrobinson@example.com','0026542351','dev_seed_password_hash','user','2026-03-30 10:35:28','2026-03-30 10:35:28'),(3,'Brent Abbott','lindsay78@example.org','0618495931','dev_seed_password_hash','user','2026-03-30 10:35:28','2026-03-30 10:35:28'),(4,'Darren Roberts','wyattmichelle@example.com','0475255341','dev_seed_password_hash','user','2026-03-30 10:35:28','2026-03-30 10:35:28'),(5,'Carolyn Daniel','stevennelson@example.net','0835030564','dev_seed_password_hash','user','2026-03-30 10:35:28','2026-03-30 10:35:28'),(6,'Thomas Bradley','jason76@example.net','0724238849','dev_seed_password_hash','user','2026-03-30 10:35:28','2026-03-30 10:35:28'),(7,'Kevin Cox','williamdavis@example.org','0122691669','dev_seed_password_hash','user','2026-03-30 10:35:28','2026-03-30 10:35:28'),(8,'Kendra Maddox DVM','frazierdanny@example.net','0451462704','dev_seed_password_hash','user','2026-03-30 10:35:28','2026-03-30 10:35:28'),(9,'Pamela Romero','harrellkenneth@example.net','0893252880','dev_seed_password_hash','user','2026-03-30 10:35:28','2026-03-30 10:35:28'),(10,'Katherine Rodriguez','natasha43@example.org','0391171822','dev_seed_password_hash','user','2026-03-30 10:35:28','2026-03-30 10:35:28'),(11,'Theresa Martin','ibrandt@example.net','0346578713','dev_seed_password_hash','user','2026-03-30 10:35:28','2026-03-30 10:35:28'),(12,'George Chapman','briannasmith@example.net','0031051834','dev_seed_password_hash','user','2026-03-30 10:35:28','2026-03-30 10:35:28'),(13,'Cindy Anderson','esanchez@example.com','0311656670','dev_seed_password_hash','user','2026-03-30 10:35:28','2026-03-30 10:35:28'),(14,'Victoria Garcia','zchandler@example.org','0333872624','dev_seed_password_hash','user','2026-03-30 10:35:28','2026-03-30 10:35:28'),(15,'Shannon Jones','williamsyvette@example.org','0132677360','dev_seed_password_hash','user','2026-03-30 10:35:28','2026-03-30 10:35:28'),(16,'Aaron Myers','smitchell@example.net','0872343098','dev_seed_password_hash','user','2026-03-30 10:35:28','2026-03-30 10:35:28'),(17,'Erik Williams','hshaw@example.org','0081219136','dev_seed_password_hash','user','2026-03-30 10:35:28','2026-03-30 10:35:28'),(18,'Steve Sanchez','harveyrobert@example.net','0985435346','dev_seed_password_hash','user','2026-03-30 10:35:28','2026-03-30 10:35:28'),(19,'Test User','user@example.com','0900000000','$2b$10$AK.vRDJHEPdEVbhY/ugBNueVvwoHfAF1c0meWJWahuQ1Vfj83nFdW','user','2026-03-30 10:38:56','2026-03-30 10:38:56');
/*!40000 ALTER TABLE `users` ENABLE KEYS */;
UNLOCK TABLES;

--
-- Table structure for table `variant_images`
--

DROP TABLE IF EXISTS `variant_images`;
/*!40101 SET @saved_cs_client     = @@character_set_client */;
/*!50503 SET character_set_client = utf8mb4 */;
CREATE TABLE `variant_images` (
  `image_id` bigint NOT NULL AUTO_INCREMENT,
  `variant_id` bigint NOT NULL,
  `url` text COLLATE utf8mb4_unicode_ci NOT NULL,
  `sort_order` int NOT NULL DEFAULT '0',
  PRIMARY KEY (`image_id`),
  KEY `idx_variant_images_variant` (`variant_id`),
  CONSTRAINT `fk_variant_images_variant` FOREIGN KEY (`variant_id`) REFERENCES `car_variants` (`variant_id`) ON DELETE CASCADE ON UPDATE CASCADE
) ENGINE=InnoDB DEFAULT CHARSET=utf8mb4 COLLATE=utf8mb4_unicode_ci;
/*!40101 SET character_set_client = @saved_cs_client */;

--
-- Dumping data for table `variant_images`
--

LOCK TABLES `variant_images` WRITE;
/*!40000 ALTER TABLE `variant_images` DISABLE KEYS */;
/*!40000 ALTER TABLE `variant_images` ENABLE KEYS */;
UNLOCK TABLES;

--
-- Table structure for table `variant_price_history`
--

DROP TABLE IF EXISTS `variant_price_history`;
/*!40101 SET @saved_cs_client     = @@character_set_client */;
/*!50503 SET character_set_client = utf8mb4 */;
CREATE TABLE `variant_price_history` (
  `price_id` bigint NOT NULL AUTO_INCREMENT,
  `variant_id` bigint NOT NULL,
  `market_id` int NOT NULL,
  `price_type` enum('msrp','avg_market','avg_listing') COLLATE utf8mb4_unicode_ci NOT NULL DEFAULT 'avg_market',
  `price` decimal(14,2) NOT NULL,
  `captured_at` datetime NOT NULL,
  `source` varchar(255) COLLATE utf8mb4_unicode_ci DEFAULT NULL,
  PRIMARY KEY (`price_id`),
  KEY `idx_price_variant_market_time` (`variant_id`,`market_id`,`captured_at`),
  KEY `idx_price_market_time` (`market_id`,`captured_at`),
  CONSTRAINT `fk_price_market` FOREIGN KEY (`market_id`) REFERENCES `markets` (`market_id`) ON DELETE RESTRICT ON UPDATE CASCADE,
  CONSTRAINT `fk_price_variant` FOREIGN KEY (`variant_id`) REFERENCES `car_variants` (`variant_id`) ON DELETE CASCADE ON UPDATE CASCADE
) ENGINE=InnoDB AUTO_INCREMENT=228 DEFAULT CHARSET=utf8mb4 COLLATE=utf8mb4_unicode_ci;
/*!40101 SET character_set_client = @saved_cs_client */;

--
-- Dumping data for table `variant_price_history`
--

LOCK TABLES `variant_price_history` WRITE;
/*!40000 ALTER TABLE `variant_price_history` DISABLE KEYS */;
INSERT INTO `variant_price_history` VALUES (1,17,1,'avg_market',2005289000.00,'2025-12-31 00:00:00','bootstrap_seed_rollup'),(2,17,1,'avg_market',1966726000.00,'2026-01-30 00:00:00','bootstrap_seed_rollup'),(3,17,1,'avg_market',1928162000.00,'2026-03-01 00:00:00','bootstrap_seed_rollup'),(4,12,1,'avg_market',1775552000.00,'2025-12-31 00:00:00','bootstrap_seed_rollup'),(5,12,1,'avg_market',1741407000.00,'2026-01-30 00:00:00','bootstrap_seed_rollup'),(6,12,1,'avg_market',1707262000.00,'2026-03-01 00:00:00','bootstrap_seed_rollup'),(7,5,1,'avg_market',788239000.00,'2025-12-31 00:00:00','bootstrap_seed_rollup'),(8,5,1,'avg_market',773081000.00,'2026-01-30 00:00:00','bootstrap_seed_rollup'),(9,5,1,'avg_market',757922000.00,'2026-03-01 00:00:00','bootstrap_seed_rollup'),(10,10,2,'avg_market',946167000.00,'2025-12-31 00:00:00','bootstrap_seed_rollup'),(11,10,2,'avg_market',927971000.00,'2026-01-30 00:00:00','bootstrap_seed_rollup'),(12,10,2,'avg_market',909776000.00,'2026-03-01 00:00:00','bootstrap_seed_rollup'),(13,9,1,'avg_market',861973000.00,'2025-12-31 00:00:00','bootstrap_seed_rollup'),(14,9,1,'avg_market',845396000.00,'2026-01-30 00:00:00','bootstrap_seed_rollup'),(15,9,1,'avg_market',828820000.00,'2026-03-01 00:00:00','bootstrap_seed_rollup'),(16,15,1,'avg_market',1419283000.00,'2025-12-31 00:00:00','bootstrap_seed_rollup'),(17,15,1,'avg_market',1391989000.00,'2026-01-30 00:00:00','bootstrap_seed_rollup'),(18,15,1,'avg_market',1364695000.00,'2026-03-01 00:00:00','bootstrap_seed_rollup'),(19,13,1,'avg_market',3586268000.00,'2025-12-31 00:00:00','bootstrap_seed_rollup'),(20,13,1,'avg_market',3517302000.00,'2026-01-30 00:00:00','bootstrap_seed_rollup'),(21,13,1,'avg_market',3448335000.00,'2026-03-01 00:00:00','bootstrap_seed_rollup'),(22,11,1,'avg_market',1377086000.00,'2025-12-31 00:00:00','bootstrap_seed_rollup'),(23,11,1,'avg_market',1350603000.00,'2026-01-30 00:00:00','bootstrap_seed_rollup'),(24,11,1,'avg_market',1324121000.00,'2026-03-01 00:00:00','bootstrap_seed_rollup'),(25,5,2,'avg_market',818265000.00,'2025-12-31 00:00:00','bootstrap_seed_rollup'),(26,5,2,'avg_market',802529000.00,'2026-01-30 00:00:00','bootstrap_seed_rollup'),(27,5,2,'avg_market',786793000.00,'2026-03-01 00:00:00','bootstrap_seed_rollup'),(28,16,2,'avg_market',1932771000.00,'2025-12-31 00:00:00','bootstrap_seed_rollup'),(29,16,2,'avg_market',1895602000.00,'2026-01-30 00:00:00','bootstrap_seed_rollup'),(30,16,2,'avg_market',1858434000.00,'2026-03-01 00:00:00','bootstrap_seed_rollup'),(31,9,2,'avg_market',797348000.00,'2025-12-31 00:00:00','bootstrap_seed_rollup'),(32,9,2,'avg_market',782014000.00,'2026-01-30 00:00:00','bootstrap_seed_rollup'),(33,9,2,'avg_market',766680000.00,'2026-03-01 00:00:00','bootstrap_seed_rollup'),(34,21,1,'avg_market',1041446000.00,'2025-12-31 00:00:00','bootstrap_seed_rollup'),(35,21,1,'avg_market',1021418000.00,'2026-01-30 00:00:00','bootstrap_seed_rollup'),(36,21,1,'avg_market',1001391000.00,'2026-03-01 00:00:00','bootstrap_seed_rollup'),(37,6,1,'avg_market',930487000.00,'2025-12-31 00:00:00','bootstrap_seed_rollup'),(38,6,1,'avg_market',912593000.00,'2026-01-30 00:00:00','bootstrap_seed_rollup'),(39,6,1,'avg_market',894699000.00,'2026-03-01 00:00:00','bootstrap_seed_rollup'),(40,18,2,'avg_market',2542896000.00,'2025-12-31 00:00:00','bootstrap_seed_rollup'),(41,18,2,'avg_market',2493994000.00,'2026-01-30 00:00:00','bootstrap_seed_rollup'),(42,18,2,'avg_market',2445092000.00,'2026-03-01 00:00:00','bootstrap_seed_rollup'),(43,18,1,'avg_market',2535584000.00,'2025-12-31 00:00:00','bootstrap_seed_rollup'),(44,18,1,'avg_market',2486823000.00,'2026-01-30 00:00:00','bootstrap_seed_rollup'),(45,18,1,'avg_market',2438062000.00,'2026-03-01 00:00:00','bootstrap_seed_rollup'),(46,22,1,'avg_market',1271470000.00,'2025-12-31 00:00:00','bootstrap_seed_rollup'),(47,22,1,'avg_market',1247019000.00,'2026-01-30 00:00:00','bootstrap_seed_rollup'),(48,22,1,'avg_market',1222568000.00,'2026-03-01 00:00:00','bootstrap_seed_rollup'),(49,14,1,'avg_market',4210902000.00,'2025-12-31 00:00:00','bootstrap_seed_rollup'),(50,14,1,'avg_market',4129923000.00,'2026-01-30 00:00:00','bootstrap_seed_rollup'),(51,14,1,'avg_market',4048944000.00,'2026-03-01 00:00:00','bootstrap_seed_rollup'),(52,1,2,'avg_market',746156000.00,'2025-12-31 00:00:00','bootstrap_seed_rollup'),(53,1,2,'avg_market',731807000.00,'2026-01-30 00:00:00','bootstrap_seed_rollup'),(54,1,2,'avg_market',717458000.00,'2026-03-01 00:00:00','bootstrap_seed_rollup'),(55,8,1,'avg_market',796551000.00,'2025-12-31 00:00:00','bootstrap_seed_rollup'),(56,8,1,'avg_market',781232000.00,'2026-01-30 00:00:00','bootstrap_seed_rollup'),(57,8,1,'avg_market',765914000.00,'2026-03-01 00:00:00','bootstrap_seed_rollup'),(58,3,2,'avg_market',980897000.00,'2025-12-31 00:00:00','bootstrap_seed_rollup'),(59,3,2,'avg_market',962034000.00,'2026-01-30 00:00:00','bootstrap_seed_rollup'),(60,3,2,'avg_market',943170000.00,'2026-03-01 00:00:00','bootstrap_seed_rollup'),(61,19,2,'avg_market',1121273000.00,'2025-12-31 00:00:00','bootstrap_seed_rollup'),(62,19,2,'avg_market',1099710000.00,'2026-01-30 00:00:00','bootstrap_seed_rollup'),(63,19,2,'avg_market',1078147000.00,'2026-03-01 00:00:00','bootstrap_seed_rollup'),(64,14,2,'avg_market',3852977000.00,'2025-12-31 00:00:00','bootstrap_seed_rollup'),(65,14,2,'avg_market',3778881000.00,'2026-01-30 00:00:00','bootstrap_seed_rollup'),(66,14,2,'avg_market',3704786000.00,'2026-03-01 00:00:00','bootstrap_seed_rollup'),(67,13,2,'avg_market',3607392000.00,'2025-12-31 00:00:00','bootstrap_seed_rollup'),(68,13,2,'avg_market',3538019000.00,'2026-01-30 00:00:00','bootstrap_seed_rollup'),(69,13,2,'avg_market',3468646000.00,'2026-03-01 00:00:00','bootstrap_seed_rollup'),(70,10,1,'avg_market',981739000.00,'2025-12-31 00:00:00','bootstrap_seed_rollup'),(71,10,1,'avg_market',962860000.00,'2026-01-30 00:00:00','bootstrap_seed_rollup'),(72,10,1,'avg_market',943980000.00,'2026-03-01 00:00:00','bootstrap_seed_rollup'),(73,7,1,'avg_market',668332000.00,'2025-12-31 00:00:00','bootstrap_seed_rollup'),(74,7,1,'avg_market',655480000.00,'2026-01-30 00:00:00','bootstrap_seed_rollup'),(75,7,1,'avg_market',642627000.00,'2026-03-01 00:00:00','bootstrap_seed_rollup'),(76,12,2,'avg_market',1745484000.00,'2025-12-31 00:00:00','bootstrap_seed_rollup'),(77,12,2,'avg_market',1711917000.00,'2026-01-30 00:00:00','bootstrap_seed_rollup'),(78,12,2,'avg_market',1678350000.00,'2026-03-01 00:00:00','bootstrap_seed_rollup'),(79,11,2,'avg_market',1533164000.00,'2025-12-31 00:00:00','bootstrap_seed_rollup'),(80,11,2,'avg_market',1503680000.00,'2026-01-30 00:00:00','bootstrap_seed_rollup'),(81,11,2,'avg_market',1474196000.00,'2026-03-01 00:00:00','bootstrap_seed_rollup'),(82,1,1,'avg_market',721427000.00,'2025-12-31 00:00:00','bootstrap_seed_rollup'),(83,1,1,'avg_market',707554000.00,'2026-01-30 00:00:00','bootstrap_seed_rollup'),(84,1,1,'avg_market',693680000.00,'2026-03-01 00:00:00','bootstrap_seed_rollup'),(85,6,2,'avg_market',934476000.00,'2025-12-31 00:00:00','bootstrap_seed_rollup'),(86,6,2,'avg_market',916505000.00,'2026-01-30 00:00:00','bootstrap_seed_rollup'),(87,6,2,'avg_market',898534000.00,'2026-03-01 00:00:00','bootstrap_seed_rollup'),(88,15,2,'avg_market',1553976000.00,'2025-12-31 00:00:00','bootstrap_seed_rollup'),(89,15,2,'avg_market',1524092000.00,'2026-01-30 00:00:00','bootstrap_seed_rollup'),(90,15,2,'avg_market',1494208000.00,'2026-03-01 00:00:00','bootstrap_seed_rollup'),(91,22,2,'avg_market',1315895000.00,'2025-12-31 00:00:00','bootstrap_seed_rollup'),(92,22,2,'avg_market',1290590000.00,'2026-01-30 00:00:00','bootstrap_seed_rollup'),(93,22,2,'avg_market',1265284000.00,'2026-03-01 00:00:00','bootstrap_seed_rollup'),(94,4,2,'avg_market',1348447000.00,'2025-12-31 00:00:00','bootstrap_seed_rollup'),(95,4,2,'avg_market',1322516000.00,'2026-01-30 00:00:00','bootstrap_seed_rollup'),(96,4,2,'avg_market',1296584000.00,'2026-03-01 00:00:00','bootstrap_seed_rollup'),(97,19,1,'avg_market',1084050000.00,'2025-12-31 00:00:00','bootstrap_seed_rollup'),(98,19,1,'avg_market',1063203000.00,'2026-01-30 00:00:00','bootstrap_seed_rollup'),(99,19,1,'avg_market',1042356000.00,'2026-03-01 00:00:00','bootstrap_seed_rollup'),(100,7,2,'avg_market',661321000.00,'2025-12-31 00:00:00','bootstrap_seed_rollup'),(101,7,2,'avg_market',648604000.00,'2026-01-30 00:00:00','bootstrap_seed_rollup'),(102,7,2,'avg_market',635886000.00,'2026-03-01 00:00:00','bootstrap_seed_rollup'),(103,2,2,'avg_market',883787000.00,'2025-12-31 00:00:00','bootstrap_seed_rollup'),(104,2,2,'avg_market',866791000.00,'2026-01-30 00:00:00','bootstrap_seed_rollup'),(105,2,2,'avg_market',849795000.00,'2026-03-01 00:00:00','bootstrap_seed_rollup'),(106,16,1,'avg_market',1928934000.00,'2025-12-31 00:00:00','bootstrap_seed_rollup'),(107,16,1,'avg_market',1891839000.00,'2026-01-30 00:00:00','bootstrap_seed_rollup'),(108,16,1,'avg_market',1854744000.00,'2026-03-01 00:00:00','bootstrap_seed_rollup'),(109,20,2,'avg_market',1260293000.00,'2025-12-31 00:00:00','bootstrap_seed_rollup'),(110,20,2,'avg_market',1236057000.00,'2026-01-30 00:00:00','bootstrap_seed_rollup'),(111,20,2,'avg_market',1211820000.00,'2026-03-01 00:00:00','bootstrap_seed_rollup'),(112,20,1,'avg_market',1232967000.00,'2025-12-31 00:00:00','bootstrap_seed_rollup'),(113,20,1,'avg_market',1209256000.00,'2026-01-30 00:00:00','bootstrap_seed_rollup'),(114,20,1,'avg_market',1185545000.00,'2026-03-01 00:00:00','bootstrap_seed_rollup'),(115,17,1,'avg_market',1924513750.00,'2026-03-01 00:00:00','internal_marketplace_rollup'),(116,17,1,'avg_market',1982568000.00,'2026-02-01 00:00:00','internal_marketplace_rollup'),(117,12,1,'avg_market',1744227333.33,'2026-03-01 00:00:00','internal_marketplace_rollup'),(118,5,1,'avg_market',757922500.00,'2026-03-01 00:00:00','internal_marketplace_rollup'),(119,5,1,'avg_market',770630000.00,'2026-02-01 00:00:00','internal_marketplace_rollup'),(120,10,2,'avg_market',922911250.00,'2026-03-01 00:00:00','internal_marketplace_rollup'),(121,10,2,'avg_market',962319000.00,'2026-02-01 00:00:00','internal_marketplace_rollup'),(122,10,2,'avg_market',965851000.00,'2026-01-01 00:00:00','internal_marketplace_rollup'),(123,9,1,'avg_market',828820000.00,'2026-03-01 00:00:00','internal_marketplace_rollup'),(124,9,1,'avg_market',849372000.00,'2026-02-01 00:00:00','internal_marketplace_rollup'),(125,15,1,'avg_market',1403208250.00,'2026-03-01 00:00:00','internal_marketplace_rollup'),(126,13,1,'avg_market',3448335000.00,'2026-03-01 00:00:00','internal_marketplace_rollup'),(127,13,1,'avg_market',3546893000.00,'2026-02-01 00:00:00','internal_marketplace_rollup'),(128,13,1,'avg_market',3645452000.00,'2025-12-01 00:00:00','internal_marketplace_rollup'),(129,11,1,'avg_market',1336568666.67,'2026-03-01 00:00:00','internal_marketplace_rollup'),(130,11,1,'avg_market',1393863500.00,'2026-01-01 00:00:00','internal_marketplace_rollup'),(131,11,1,'avg_market',1371189000.00,'2025-11-01 00:00:00','internal_marketplace_rollup'),(132,5,2,'avg_market',789826000.00,'2026-03-01 00:00:00','internal_marketplace_rollup'),(133,5,2,'avg_market',798924000.00,'2026-02-01 00:00:00','internal_marketplace_rollup'),(134,5,2,'avg_market',804990000.00,'2026-01-01 00:00:00','internal_marketplace_rollup'),(135,16,2,'avg_market',1891504000.00,'2026-03-01 00:00:00','internal_marketplace_rollup'),(136,9,2,'avg_market',766680500.00,'2026-03-01 00:00:00','internal_marketplace_rollup'),(137,9,2,'avg_market',783613500.00,'2026-02-01 00:00:00','internal_marketplace_rollup'),(138,9,2,'avg_market',814384000.00,'2026-01-01 00:00:00','internal_marketplace_rollup'),(139,9,2,'avg_market',831938000.00,'2025-11-01 00:00:00','internal_marketplace_rollup'),(140,21,1,'avg_market',1033364666.67,'2026-03-01 00:00:00','internal_marketplace_rollup'),(141,21,1,'avg_market',1039288500.00,'2026-02-01 00:00:00','internal_marketplace_rollup'),(142,21,1,'avg_market',1066166000.00,'2026-01-01 00:00:00','internal_marketplace_rollup'),(143,17,1,'avg_market',1952904000.00,'2025-12-01 00:00:00','internal_marketplace_rollup'),(144,17,1,'avg_market',1975940000.00,'2025-11-01 00:00:00','internal_marketplace_rollup'),(145,6,1,'avg_market',918104500.00,'2026-03-01 00:00:00','internal_marketplace_rollup'),(146,18,2,'avg_market',2477551000.00,'2026-03-01 00:00:00','internal_marketplace_rollup'),(147,18,2,'avg_market',2574929000.00,'2026-02-01 00:00:00','internal_marketplace_rollup'),(148,21,1,'avg_market',1015346000.00,'2025-12-01 00:00:00','internal_marketplace_rollup'),(149,18,1,'avg_market',2438061500.00,'2026-03-01 00:00:00','internal_marketplace_rollup'),(150,18,1,'avg_market',2521552000.00,'2026-02-01 00:00:00','internal_marketplace_rollup'),(151,22,1,'avg_market',1220494000.00,'2026-03-01 00:00:00','internal_marketplace_rollup'),(152,22,1,'avg_market',1284461000.00,'2026-02-01 00:00:00','internal_marketplace_rollup'),(153,22,1,'avg_market',1285852000.00,'2026-01-01 00:00:00','internal_marketplace_rollup'),(154,14,1,'avg_market',4048944000.00,'2026-03-01 00:00:00','internal_marketplace_rollup'),(155,14,1,'avg_market',4270274000.00,'2025-12-01 00:00:00','internal_marketplace_rollup'),(156,1,2,'avg_market',717457500.00,'2026-03-01 00:00:00','internal_marketplace_rollup'),(157,1,2,'avg_market',742247000.00,'2026-02-01 00:00:00','internal_marketplace_rollup'),(158,1,2,'avg_market',752136000.00,'2025-12-01 00:00:00','internal_marketplace_rollup'),(159,1,2,'avg_market',762025000.00,'2025-10-01 00:00:00','internal_marketplace_rollup'),(160,8,1,'avg_market',762582833.33,'2026-03-01 00:00:00','internal_marketplace_rollup'),(161,8,1,'avg_market',823268500.00,'2026-02-01 00:00:00','internal_marketplace_rollup'),(162,3,2,'avg_market',943729000.00,'2026-03-01 00:00:00','internal_marketplace_rollup'),(163,3,2,'avg_market',943663000.00,'2026-02-01 00:00:00','internal_marketplace_rollup'),(164,3,2,'avg_market',1013030500.00,'2026-01-01 00:00:00','internal_marketplace_rollup'),(165,19,2,'avg_market',1087161333.33,'2026-03-01 00:00:00','internal_marketplace_rollup'),(166,19,2,'avg_market',1105190000.00,'2026-02-01 00:00:00','internal_marketplace_rollup'),(167,14,2,'avg_market',3705500333.33,'2026-03-01 00:00:00','internal_marketplace_rollup'),(168,14,2,'avg_market',3807289000.00,'2026-02-01 00:00:00','internal_marketplace_rollup'),(169,14,2,'avg_market',3896680000.00,'2026-01-01 00:00:00','internal_marketplace_rollup'),(170,14,2,'avg_market',3957704000.00,'2025-12-01 00:00:00','internal_marketplace_rollup'),(171,13,2,'avg_market',3475979000.00,'2026-03-01 00:00:00','internal_marketplace_rollup'),(172,10,1,'avg_market',943980000.00,'2026-03-01 00:00:00','internal_marketplace_rollup'),(173,10,1,'avg_market',961831000.00,'2026-02-01 00:00:00','internal_marketplace_rollup'),(174,10,1,'avg_market',979682000.00,'2025-12-01 00:00:00','internal_marketplace_rollup'),(175,10,1,'avg_market',997533000.00,'2025-11-01 00:00:00','internal_marketplace_rollup'),(176,7,1,'avg_market',652249500.00,'2026-03-01 00:00:00','internal_marketplace_rollup'),(177,7,1,'avg_market',681118000.00,'2026-02-01 00:00:00','internal_marketplace_rollup'),(178,12,2,'avg_market',1678350000.00,'2026-03-01 00:00:00','internal_marketplace_rollup'),(179,12,2,'avg_market',1726476000.00,'2026-01-01 00:00:00','internal_marketplace_rollup'),(180,18,1,'avg_market',2557020000.00,'2025-12-01 00:00:00','internal_marketplace_rollup'),(181,18,1,'avg_market',2591566000.00,'2025-11-01 00:00:00','internal_marketplace_rollup'),(182,11,2,'avg_market',1474196000.00,'2026-03-01 00:00:00','internal_marketplace_rollup'),(183,11,2,'avg_market',1520707000.00,'2026-02-01 00:00:00','internal_marketplace_rollup'),(184,11,2,'avg_market',1567219000.00,'2026-01-01 00:00:00','internal_marketplace_rollup'),(185,1,1,'avg_market',693680000.00,'2026-03-01 00:00:00','internal_marketplace_rollup'),(186,1,1,'avg_market',728384000.00,'2025-12-01 00:00:00','internal_marketplace_rollup'),(187,6,2,'avg_market',913032000.00,'2026-03-01 00:00:00','internal_marketplace_rollup'),(188,3,2,'avg_market',940048000.00,'2025-12-01 00:00:00','internal_marketplace_rollup'),(189,3,2,'avg_market',959239000.00,'2025-10-01 00:00:00','internal_marketplace_rollup'),(190,15,2,'avg_market',1539023000.00,'2026-03-01 00:00:00','internal_marketplace_rollup'),(191,22,2,'avg_market',1265284000.00,'2026-03-01 00:00:00','internal_marketplace_rollup'),(192,22,2,'avg_market',1299898000.00,'2026-01-01 00:00:00','internal_marketplace_rollup'),(193,4,2,'avg_market',1297246200.00,'2026-03-01 00:00:00','internal_marketplace_rollup'),(194,4,2,'avg_market',1321837000.00,'2026-01-01 00:00:00','internal_marketplace_rollup'),(195,19,1,'avg_market',1042356000.00,'2026-03-01 00:00:00','internal_marketplace_rollup'),(196,19,1,'avg_market',1062216500.00,'2026-02-01 00:00:00','internal_marketplace_rollup'),(197,19,1,'avg_market',1079335000.00,'2026-01-01 00:00:00','internal_marketplace_rollup'),(198,7,2,'avg_market',635886000.00,'2026-03-01 00:00:00','internal_marketplace_rollup'),(199,7,2,'avg_market',661331500.00,'2026-02-01 00:00:00','internal_marketplace_rollup'),(200,7,2,'avg_market',647107000.00,'2025-12-01 00:00:00','internal_marketplace_rollup'),(201,7,2,'avg_market',663554000.00,'2025-10-01 00:00:00','internal_marketplace_rollup'),(202,1,2,'avg_market',727570000.00,'2026-01-01 00:00:00','internal_marketplace_rollup'),(203,1,2,'avg_market',752584000.00,'2025-11-01 00:00:00','internal_marketplace_rollup'),(204,19,1,'avg_market',1084820000.00,'2025-12-01 00:00:00','internal_marketplace_rollup'),(205,4,2,'avg_market',1389460000.00,'2025-12-01 00:00:00','internal_marketplace_rollup'),(206,16,2,'avg_market',2024344500.00,'2026-02-01 00:00:00','internal_marketplace_rollup'),(207,2,2,'avg_market',844328000.00,'2026-03-01 00:00:00','internal_marketplace_rollup'),(208,2,2,'avg_market',872915500.00,'2026-02-01 00:00:00','internal_marketplace_rollup'),(209,5,1,'avg_market',799838000.00,'2026-01-01 00:00:00','internal_marketplace_rollup'),(210,15,2,'avg_market',1667089000.00,'2026-02-01 00:00:00','internal_marketplace_rollup'),(211,16,1,'avg_market',1878961333.33,'2026-03-01 00:00:00','internal_marketplace_rollup'),(212,13,2,'avg_market',3634622000.00,'2026-02-01 00:00:00','internal_marketplace_rollup'),(213,13,2,'avg_market',3716358000.00,'2025-12-01 00:00:00','internal_marketplace_rollup'),(214,12,1,'avg_market',1733265000.00,'2026-02-01 00:00:00','internal_marketplace_rollup'),(215,12,1,'avg_market',1769510000.00,'2025-12-01 00:00:00','internal_marketplace_rollup'),(216,12,1,'avg_market',1805755000.00,'2025-10-01 00:00:00','internal_marketplace_rollup'),(217,2,2,'avg_market',930772000.00,'2025-12-01 00:00:00','internal_marketplace_rollup'),(218,20,2,'avg_market',1211820500.00,'2026-03-01 00:00:00','internal_marketplace_rollup'),(219,20,2,'avg_market',1186458000.00,'2026-02-01 00:00:00','internal_marketplace_rollup'),(220,20,2,'avg_market',1251602000.00,'2025-12-01 00:00:00','internal_marketplace_rollup'),(221,20,2,'avg_market',1221889000.00,'2025-10-01 00:00:00','internal_marketplace_rollup'),(222,20,1,'avg_market',1196303000.00,'2026-03-01 00:00:00','internal_marketplace_rollup'),(223,20,1,'avg_market',1228576000.00,'2026-02-01 00:00:00','internal_marketplace_rollup'),(224,20,1,'avg_market',1250092000.00,'2026-01-01 00:00:00','internal_marketplace_rollup'),(225,2,2,'avg_market',877603000.00,'2026-01-01 00:00:00','internal_marketplace_rollup'),(226,4,2,'avg_market',1320837000.00,'2026-02-01 00:00:00','internal_marketplace_rollup'),(227,11,1,'avg_market',1400376000.00,'2026-02-01 00:00:00','internal_marketplace_rollup');
/*!40000 ALTER TABLE `variant_price_history` ENABLE KEYS */;
UNLOCK TABLES;

--
-- Table structure for table `variant_spec_kv`
--

DROP TABLE IF EXISTS `variant_spec_kv`;
/*!40101 SET @saved_cs_client     = @@character_set_client */;
/*!50503 SET character_set_client = utf8mb4 */;
CREATE TABLE `variant_spec_kv` (
  `spec_id` bigint NOT NULL AUTO_INCREMENT,
  `variant_id` bigint NOT NULL,
  `spec_key` varchar(120) COLLATE utf8mb4_unicode_ci NOT NULL,
  `spec_value` varchar(255) COLLATE utf8mb4_unicode_ci NOT NULL,
  `unit` varchar(60) COLLATE utf8mb4_unicode_ci DEFAULT NULL,
  `source` varchar(255) COLLATE utf8mb4_unicode_ci DEFAULT NULL,
  `created_at` timestamp NOT NULL DEFAULT CURRENT_TIMESTAMP,
  PRIMARY KEY (`spec_id`),
  KEY `idx_spec_kv_variant` (`variant_id`),
  KEY `idx_spec_kv_key` (`spec_key`),
  CONSTRAINT `fk_spec_kv_variant` FOREIGN KEY (`variant_id`) REFERENCES `car_variants` (`variant_id`) ON DELETE CASCADE ON UPDATE CASCADE
) ENGINE=InnoDB DEFAULT CHARSET=utf8mb4 COLLATE=utf8mb4_unicode_ci;
/*!40101 SET character_set_client = @saved_cs_client */;

--
-- Dumping data for table `variant_spec_kv`
--

LOCK TABLES `variant_spec_kv` WRITE;
/*!40000 ALTER TABLE `variant_spec_kv` DISABLE KEYS */;
/*!40000 ALTER TABLE `variant_spec_kv` ENABLE KEYS */;
UNLOCK TABLES;

--
-- Table structure for table `variant_specs`
--

DROP TABLE IF EXISTS `variant_specs`;
/*!40101 SET @saved_cs_client     = @@character_set_client */;
/*!50503 SET character_set_client = utf8mb4 */;
CREATE TABLE `variant_specs` (
  `variant_id` bigint NOT NULL,
  `power_hp` int DEFAULT NULL,
  `torque_nm` int DEFAULT NULL,
  `displacement_cc` int DEFAULT NULL,
  `length_mm` int DEFAULT NULL,
  `width_mm` int DEFAULT NULL,
  `height_mm` int DEFAULT NULL,
  `wheelbase_mm` int DEFAULT NULL,
  `curb_weight_kg` int DEFAULT NULL,
  `battery_kwh` decimal(10,2) DEFAULT NULL,
  `range_km` int DEFAULT NULL,
  PRIMARY KEY (`variant_id`),
  CONSTRAINT `fk_variant_specs_variant` FOREIGN KEY (`variant_id`) REFERENCES `car_variants` (`variant_id`) ON DELETE CASCADE ON UPDATE CASCADE
) ENGINE=InnoDB DEFAULT CHARSET=utf8mb4 COLLATE=utf8mb4_unicode_ci;
/*!40101 SET character_set_client = @saved_cs_client */;

--
-- Dumping data for table `variant_specs`
--

LOCK TABLES `variant_specs` WRITE;
/*!40000 ALTER TABLE `variant_specs` DISABLE KEYS */;
INSERT INTO `variant_specs` VALUES (1,303,277,1498,4731,1842,1564,2671,2004,NULL,NULL),(2,166,499,1498,4882,1788,1465,2647,1473,NULL,NULL),(3,199,478,1498,4653,1919,1664,2712,1709,NULL,NULL),(4,290,362,1498,4613,1888,1624,2742,1409,NULL,NULL),(5,195,392,1498,4544,1877,1499,2783,2117,NULL,NULL),(6,228,355,1498,4920,1917,1513,2793,1330,NULL,NULL),(7,281,370,1998,4646,1797,1473,2938,1483,NULL,NULL),(8,337,368,1498,4688,1805,1644,2742,1714,NULL,NULL),(9,302,406,1798,4829,1870,1557,2943,1523,NULL,NULL),(10,319,256,1798,4996,1842,1533,2836,1638,NULL,NULL),(11,209,505,1798,4782,1794,1567,2616,2074,NULL,NULL),(12,220,425,1998,4517,1834,1740,2967,1572,NULL,NULL),(13,194,475,2998,4919,1816,1585,2671,1502,NULL,NULL),(14,330,507,1998,4888,1929,1654,2785,1474,NULL,NULL),(15,175,480,2998,4543,1792,1506,2678,1892,NULL,NULL),(16,180,436,1498,4844,1877,1689,2870,1507,NULL,NULL),(17,281,225,1498,4999,1848,1624,2657,1550,NULL,NULL),(18,251,300,2998,4453,1847,1706,2691,1769,NULL,NULL),(19,373,274,NULL,4755,1909,1551,2678,1632,55.00,488),(20,339,491,NULL,4450,1862,1700,2609,1364,75.00,428),(21,201,249,NULL,4696,1925,1490,2643,1999,75.00,367),(22,334,492,NULL,4578,1812,1693,2881,1419,75.00,485);
/*!40000 ALTER TABLE `variant_specs` ENABLE KEYS */;
UNLOCK TABLES;

--
-- Table structure for table `vehicle_fuel_economy_snapshots`
--

DROP TABLE IF EXISTS `vehicle_fuel_economy_snapshots`;
/*!40101 SET @saved_cs_client     = @@character_set_client */;
/*!50503 SET character_set_client = utf8mb4 */;
CREATE TABLE `vehicle_fuel_economy_snapshots` (
  `fuel_snapshot_id` bigint NOT NULL AUTO_INCREMENT,
  `variant_id` bigint NOT NULL,
  `source_reference_id` bigint DEFAULT NULL,
  `combined_mpg` decimal(10,2) DEFAULT NULL,
  `city_mpg` decimal(10,2) DEFAULT NULL,
  `highway_mpg` decimal(10,2) DEFAULT NULL,
  `annual_fuel_cost_usd` decimal(14,2) DEFAULT NULL,
  `fuel_type` varchar(80) COLLATE utf8mb4_unicode_ci DEFAULT NULL,
  `drive` varchar(120) COLLATE utf8mb4_unicode_ci DEFAULT NULL,
  `class_name` varchar(120) COLLATE utf8mb4_unicode_ci DEFAULT NULL,
  `created_at` datetime NOT NULL DEFAULT CURRENT_TIMESTAMP,
  PRIMARY KEY (`fuel_snapshot_id`),
  UNIQUE KEY `uq_vehicle_fuel_variant` (`variant_id`),
  KEY `fk_vehicle_fuel_source` (`source_reference_id`),
  CONSTRAINT `fk_vehicle_fuel_source` FOREIGN KEY (`source_reference_id`) REFERENCES `source_references` (`source_reference_id`) ON DELETE SET NULL,
  CONSTRAINT `fk_vehicle_fuel_variant` FOREIGN KEY (`variant_id`) REFERENCES `car_variants` (`variant_id`) ON DELETE CASCADE
) ENGINE=InnoDB AUTO_INCREMENT=4 DEFAULT CHARSET=utf8mb4 COLLATE=utf8mb4_unicode_ci;
/*!40101 SET character_set_client = @saved_cs_client */;

--
-- Dumping data for table `vehicle_fuel_economy_snapshots`
--

LOCK TABLES `vehicle_fuel_economy_snapshots` WRITE;
/*!40000 ALTER TABLE `vehicle_fuel_economy_snapshots` DISABLE KEYS */;
INSERT INTO `vehicle_fuel_economy_snapshots` VALUES (1,12,10,22.00,19.00,26.00,2000.00,'Regular Gasoline','Front-Wheel Drive','Minivan - 2WD','2026-03-30 10:35:45'),(2,4,14,26.00,22.00,33.00,1700.00,'Regular Gasoline','Front-Wheel Drive','Midsize Cars','2026-03-30 10:35:50'),(3,2,15,32.00,31.00,33.00,1350.00,'Regular Gasoline','Front-Wheel Drive','Small Sport Utility Vehicle 2WD','2026-03-30 10:35:53');
/*!40000 ALTER TABLE `vehicle_fuel_economy_snapshots` ENABLE KEYS */;
UNLOCK TABLES;

--
-- Table structure for table `vehicle_market_aliases`
--

DROP TABLE IF EXISTS `vehicle_market_aliases`;
/*!40101 SET @saved_cs_client     = @@character_set_client */;
/*!50503 SET character_set_client = utf8mb4 */;
CREATE TABLE `vehicle_market_aliases` (
  `alias_id` bigint NOT NULL AUTO_INCREMENT,
  `variant_id` bigint DEFAULT NULL,
  `model_id` int DEFAULT NULL,
  `make_id` int DEFAULT NULL,
  `alias_name` varchar(255) COLLATE utf8mb4_unicode_ci NOT NULL,
  `market_scope` char(2) COLLATE utf8mb4_unicode_ci DEFAULT NULL,
  `normalization_status` enum('canonical','generated','needs_review') COLLATE utf8mb4_unicode_ci NOT NULL DEFAULT 'generated',
  `source_reference_id` bigint DEFAULT NULL,
  `created_at` datetime NOT NULL DEFAULT CURRENT_TIMESTAMP,
  `updated_at` datetime NOT NULL DEFAULT CURRENT_TIMESTAMP ON UPDATE CURRENT_TIMESTAMP,
  PRIMARY KEY (`alias_id`),
  UNIQUE KEY `uq_vehicle_alias` (`alias_name`,`variant_id`),
  KEY `idx_vehicle_alias_name` (`alias_name`),
  KEY `idx_vehicle_alias_variant` (`variant_id`),
  KEY `fk_vehicle_alias_model` (`model_id`),
  KEY `fk_vehicle_alias_make` (`make_id`),
  KEY `fk_vehicle_alias_source` (`source_reference_id`),
  CONSTRAINT `fk_vehicle_alias_make` FOREIGN KEY (`make_id`) REFERENCES `car_makes` (`make_id`) ON DELETE SET NULL,
  CONSTRAINT `fk_vehicle_alias_model` FOREIGN KEY (`model_id`) REFERENCES `car_models` (`model_id`) ON DELETE SET NULL,
  CONSTRAINT `fk_vehicle_alias_source` FOREIGN KEY (`source_reference_id`) REFERENCES `source_references` (`source_reference_id`) ON DELETE SET NULL,
  CONSTRAINT `fk_vehicle_alias_variant` FOREIGN KEY (`variant_id`) REFERENCES `car_variants` (`variant_id`) ON DELETE CASCADE
) ENGINE=InnoDB AUTO_INCREMENT=139 DEFAULT CHARSET=utf8mb4 COLLATE=utf8mb4_unicode_ci;
/*!40101 SET character_set_client = @saved_cs_client */;

--
-- Dumping data for table `vehicle_market_aliases`
--

LOCK TABLES `vehicle_market_aliases` WRITE;
/*!40000 ALTER TABLE `vehicle_market_aliases` DISABLE KEYS */;
INSERT INTO `vehicle_market_aliases` VALUES (1,13,7,6,'BMW X5',NULL,'generated',1,'2026-03-30 10:35:34','2026-03-30 10:35:34'),(2,13,7,6,'BMW X5 xDrive40i',NULL,'generated',1,'2026-03-30 10:35:34','2026-03-30 10:35:34'),(3,13,7,6,'X5',NULL,'generated',1,'2026-03-30 10:35:34','2026-03-30 10:35:34'),(4,13,7,6,'2024 BMW X5 xDrive40i',NULL,'generated',1,'2026-03-30 10:35:34','2026-03-30 10:35:34'),(5,13,7,6,'BMW',NULL,'generated',1,'2026-03-30 10:35:34','2026-03-30 10:35:34'),(6,13,7,6,'2024 BMW X5',NULL,'generated',1,'2026-03-30 10:35:34','2026-03-30 10:35:34'),(7,13,7,6,'X5 xDrive40i',NULL,'generated',1,'2026-03-30 10:35:34','2026-03-30 10:35:34'),(8,14,7,6,'BMW X5',NULL,'generated',1,'2026-03-30 10:35:34','2026-03-30 10:35:34'),(9,14,7,6,'X5 xDrive50e',NULL,'generated',1,'2026-03-30 10:35:34','2026-03-30 10:35:34'),(10,14,7,6,'X5',NULL,'generated',1,'2026-03-30 10:35:34','2026-03-30 10:35:34'),(11,14,7,6,'2024 BMW X5 xDrive50e',NULL,'generated',1,'2026-03-30 10:35:34','2026-03-30 10:35:34'),(12,14,7,6,'BMW X5 xDrive50e',NULL,'generated',1,'2026-03-30 10:35:34','2026-03-30 10:35:34'),(13,14,7,6,'BMW',NULL,'generated',1,'2026-03-30 10:35:34','2026-03-30 10:35:34'),(14,14,7,6,'2024 BMW X5',NULL,'generated',1,'2026-03-30 10:35:34','2026-03-30 10:35:34'),(15,22,11,10,'Seal',NULL,'generated',1,'2026-03-30 10:35:34','2026-03-30 10:35:34'),(16,22,11,10,'2024 BYD Seal',NULL,'generated',1,'2026-03-30 10:35:34','2026-03-30 10:35:34'),(17,22,11,10,'BYD Seal',NULL,'generated',1,'2026-03-30 10:35:34','2026-03-30 10:35:34'),(18,22,11,10,'BYD Seal Performance AWD',NULL,'generated',1,'2026-03-30 10:35:34','2026-03-30 10:35:34'),(19,22,11,10,'BYD',NULL,'generated',1,'2026-03-30 10:35:34','2026-03-30 10:35:34'),(20,22,11,10,'2024 BYD Seal Performance AWD',NULL,'generated',1,'2026-03-30 10:35:34','2026-03-30 10:35:34'),(21,21,11,10,'Seal',NULL,'generated',1,'2026-03-30 10:35:34','2026-03-30 10:35:34'),(22,21,11,10,'2024 BYD Seal',NULL,'generated',1,'2026-03-30 10:35:34','2026-03-30 10:35:34'),(23,21,11,10,'BYD Seal',NULL,'generated',1,'2026-03-30 10:35:34','2026-03-30 10:35:34'),(24,21,11,10,'BYD',NULL,'generated',1,'2026-03-30 10:35:34','2026-03-30 10:35:34'),(25,21,11,10,'BYD Seal Premium',NULL,'generated',1,'2026-03-30 10:35:34','2026-03-30 10:35:34'),(26,21,11,10,'2024 BYD Seal Premium',NULL,'generated',1,'2026-03-30 10:35:34','2026-03-30 10:35:34'),(27,6,3,2,'Civic',NULL,'generated',1,'2026-03-30 10:35:34','2026-03-30 10:35:34'),(28,6,3,2,'Honda Civic',NULL,'generated',1,'2026-03-30 10:35:34','2026-03-30 10:35:34'),(29,6,3,2,'Honda',NULL,'generated',1,'2026-03-30 10:35:34','2026-03-30 10:35:34'),(30,6,3,2,'2024 Honda Civic e:HEV RS',NULL,'generated',1,'2026-03-30 10:35:34','2026-03-30 10:35:34'),(31,6,3,2,'2024 Honda Civic',NULL,'generated',1,'2026-03-30 10:35:34','2026-03-30 10:35:34'),(32,6,3,2,'Honda Civic e:HEV RS',NULL,'generated',1,'2026-03-30 10:35:34','2026-03-30 10:35:34'),(33,5,3,2,'Civic',NULL,'generated',1,'2026-03-30 10:35:34','2026-03-30 10:35:34'),(34,5,3,2,'Honda Civic',NULL,'generated',1,'2026-03-30 10:35:34','2026-03-30 10:35:34'),(35,5,3,2,'2023 Honda Civic',NULL,'generated',1,'2026-03-30 10:35:34','2026-03-30 10:35:34'),(36,5,3,2,'Honda Civic RS',NULL,'generated',1,'2026-03-30 10:35:34','2026-03-30 10:35:34'),(37,5,3,2,'Honda',NULL,'generated',1,'2026-03-30 10:35:34','2026-03-30 10:35:34'),(38,5,3,2,'2023 Honda Civic RS',NULL,'generated',1,'2026-03-30 10:35:34','2026-03-30 10:35:34'),(39,10,5,4,'Hyundai',NULL,'generated',1,'2026-03-30 10:35:34','2026-03-30 10:35:34'),(40,10,5,4,'Hyundai Tucson 2.0 Diesel Special',NULL,'generated',1,'2026-03-30 10:35:34','2026-03-30 10:35:34'),(41,10,5,4,'Tucson',NULL,'generated',1,'2026-03-30 10:35:34','2026-03-30 10:35:34'),(42,10,5,4,'Hyundai Tucson',NULL,'generated',1,'2026-03-30 10:35:34','2026-03-30 10:35:34'),(43,10,5,4,'2024 Hyundai Tucson',NULL,'generated',1,'2026-03-30 10:35:34','2026-03-30 10:35:34'),(44,10,5,4,'2024 Hyundai Tucson 2.0 Diesel Special',NULL,'generated',1,'2026-03-30 10:35:34','2026-03-30 10:35:34'),(45,9,5,4,'Hyundai',NULL,'generated',1,'2026-03-30 10:35:34','2026-03-30 10:35:34'),(46,9,5,4,'Tucson',NULL,'generated',1,'2026-03-30 10:35:34','2026-03-30 10:35:34'),(47,9,5,4,'Hyundai Tucson 1.6 Turbo',NULL,'generated',1,'2026-03-30 10:35:34','2026-03-30 10:35:34'),(48,9,5,4,'Hyundai Tucson',NULL,'generated',1,'2026-03-30 10:35:34','2026-03-30 10:35:34'),(49,9,5,4,'2023 Hyundai Tucson',NULL,'generated',1,'2026-03-30 10:35:34','2026-03-30 10:35:34'),(50,9,5,4,'2023 Hyundai Tucson 1.6 Turbo',NULL,'generated',1,'2026-03-30 10:35:34','2026-03-30 10:35:34'),(51,12,6,5,'Kia Carnival 3.5G Signature',NULL,'generated',1,'2026-03-30 10:35:34','2026-03-30 10:35:34'),(52,12,6,5,'2024 Kia Carnival 3.5G Signature',NULL,'generated',1,'2026-03-30 10:35:34','2026-03-30 10:35:34'),(53,12,6,5,'Carnival',NULL,'generated',1,'2026-03-30 10:35:34','2026-03-30 10:35:34'),(54,12,6,5,'Kia Carnival',NULL,'generated',1,'2026-03-30 10:35:34','2026-03-30 10:35:34'),(55,12,6,5,'Kia',NULL,'generated',1,'2026-03-30 10:35:34','2026-03-30 10:35:34'),(56,12,6,5,'2024 Kia Carnival',NULL,'generated',1,'2026-03-30 10:35:34','2026-03-30 10:35:34'),(57,11,6,5,'2023 Kia Carnival',NULL,'generated',1,'2026-03-30 10:35:34','2026-03-30 10:35:34'),(58,11,6,5,'Kia Carnival 2.2D Signature',NULL,'generated',1,'2026-03-30 10:35:34','2026-03-30 10:35:34'),(59,11,6,5,'Carnival',NULL,'generated',1,'2026-03-30 10:35:34','2026-03-30 10:35:34'),(60,11,6,5,'Kia Carnival',NULL,'generated',1,'2026-03-30 10:35:34','2026-03-30 10:35:34'),(61,11,6,5,'Kia',NULL,'generated',1,'2026-03-30 10:35:34','2026-03-30 10:35:34'),(62,11,6,5,'2023 Kia Carnival 2.2D Signature',NULL,'generated',1,'2026-03-30 10:35:34','2026-03-30 10:35:34'),(63,18,9,8,'Lexus NX',NULL,'generated',1,'2026-03-30 10:35:34','2026-03-30 10:35:34'),(64,18,9,8,'2024 Lexus NX',NULL,'generated',1,'2026-03-30 10:35:34','2026-03-30 10:35:34'),(65,18,9,8,'Lexus',NULL,'generated',1,'2026-03-30 10:35:34','2026-03-30 10:35:34'),(66,18,9,8,'NX',NULL,'generated',1,'2026-03-30 10:35:34','2026-03-30 10:35:34'),(67,18,9,8,'2024 Lexus NX NX350h Premium',NULL,'generated',1,'2026-03-30 10:35:34','2026-03-30 10:35:34'),(68,18,9,8,'Lexus NX NX350h Premium',NULL,'generated',1,'2026-03-30 10:35:34','2026-03-30 10:35:34'),(69,17,9,8,'2023 Lexus NX NX250 Luxury',NULL,'generated',1,'2026-03-30 10:35:34','2026-03-30 10:35:34'),(70,17,9,8,'Lexus NX',NULL,'generated',1,'2026-03-30 10:35:34','2026-03-30 10:35:34'),(71,17,9,8,'NX',NULL,'generated',1,'2026-03-30 10:35:34','2026-03-30 10:35:34'),(72,17,9,8,'Lexus',NULL,'generated',1,'2026-03-30 10:35:34','2026-03-30 10:35:34'),(73,17,9,8,'2023 Lexus NX',NULL,'generated',1,'2026-03-30 10:35:34','2026-03-30 10:35:34'),(74,17,9,8,'Lexus NX NX250 Luxury',NULL,'generated',1,'2026-03-30 10:35:34','2026-03-30 10:35:34'),(75,8,4,3,'Mazda Mazda3',NULL,'generated',1,'2026-03-30 10:35:34','2026-03-30 10:35:34'),(76,8,4,3,'Mazda',NULL,'generated',1,'2026-03-30 10:35:34','2026-03-30 10:35:34'),(77,8,4,3,'2024 Mazda Mazda3 Signature',NULL,'generated',1,'2026-03-30 10:35:34','2026-03-30 10:35:34'),(78,8,4,3,'Mazda3',NULL,'generated',1,'2026-03-30 10:35:34','2026-03-30 10:35:34'),(79,8,4,3,'Mazda Mazda3 Signature',NULL,'generated',1,'2026-03-30 10:35:34','2026-03-30 10:35:34'),(80,8,4,3,'2024 Mazda Mazda3',NULL,'generated',1,'2026-03-30 10:35:34','2026-03-30 10:35:34'),(81,7,4,3,'Mazda Mazda3',NULL,'generated',1,'2026-03-30 10:35:34','2026-03-30 10:35:34'),(82,7,4,3,'Mazda',NULL,'generated',1,'2026-03-30 10:35:34','2026-03-30 10:35:34'),(83,7,4,3,'2023 Mazda Mazda3',NULL,'generated',1,'2026-03-30 10:35:34','2026-03-30 10:35:34'),(84,7,4,3,'2023 Mazda Mazda3 Luxury',NULL,'generated',1,'2026-03-30 10:35:34','2026-03-30 10:35:34'),(85,7,4,3,'Mazda Mazda3 Luxury',NULL,'generated',1,'2026-03-30 10:35:34','2026-03-30 10:35:34'),(86,7,4,3,'Mazda3',NULL,'generated',1,'2026-03-30 10:35:34','2026-03-30 10:35:34'),(87,16,8,7,'C-Class',NULL,'generated',1,'2026-03-30 10:35:34','2026-03-30 10:35:34'),(88,16,8,7,'2024 Mercedes-Benz C-Class C300 AMG Line',NULL,'generated',1,'2026-03-30 10:35:34','2026-03-30 10:35:34'),(89,16,8,7,'Mercedes-Benz C-Class C300 AMG Line',NULL,'generated',1,'2026-03-30 10:35:34','2026-03-30 10:35:34'),(90,16,8,7,'Mercedes C-Class',NULL,'generated',1,'2026-03-30 10:35:34','2026-03-30 10:35:34'),(91,16,8,7,'2024 Mercedes-Benz C-Class',NULL,'generated',1,'2026-03-30 10:35:34','2026-03-30 10:35:34'),(92,16,8,7,'Mercedes-Benz',NULL,'generated',1,'2026-03-30 10:35:34','2026-03-30 10:35:34'),(93,16,8,7,'Mercedes-Benz C-Class',NULL,'generated',1,'2026-03-30 10:35:34','2026-03-30 10:35:34'),(94,16,8,7,'Mercedes C300 AMG Line',NULL,'generated',1,'2026-03-30 10:35:34','2026-03-30 10:35:34'),(95,15,8,7,'Mercedes C200 Avantgarde',NULL,'generated',1,'2026-03-30 10:35:34','2026-03-30 10:35:34'),(96,15,8,7,'C-Class',NULL,'generated',1,'2026-03-30 10:35:34','2026-03-30 10:35:34'),(97,15,8,7,'2023 Mercedes-Benz C-Class C200 Avantgarde',NULL,'generated',1,'2026-03-30 10:35:34','2026-03-30 10:35:34'),(98,15,8,7,'2023 Mercedes-Benz C-Class',NULL,'generated',1,'2026-03-30 10:35:34','2026-03-30 10:35:34'),(99,15,8,7,'Mercedes C-Class',NULL,'generated',1,'2026-03-30 10:35:34','2026-03-30 10:35:34'),(100,15,8,7,'Mercedes-Benz',NULL,'generated',1,'2026-03-30 10:35:34','2026-03-30 10:35:34'),(101,15,8,7,'Mercedes-Benz C-Class C200 Avantgarde',NULL,'generated',1,'2026-03-30 10:35:34','2026-03-30 10:35:34'),(102,15,8,7,'Mercedes-Benz C-Class',NULL,'generated',1,'2026-03-30 10:35:34','2026-03-30 10:35:34'),(103,4,2,1,'2024 Toyota Camry 2.5 Hybrid',NULL,'generated',1,'2026-03-30 10:35:34','2026-03-30 10:35:34'),(104,4,2,1,'Camry',NULL,'generated',1,'2026-03-30 10:35:34','2026-03-30 10:35:34'),(105,4,2,1,'Toyota Camry',NULL,'generated',1,'2026-03-30 10:35:34','2026-03-30 10:35:34'),(106,4,2,1,'Toyota Camry 2.5 Hybrid',NULL,'generated',1,'2026-03-30 10:35:34','2026-03-30 10:35:34'),(107,4,2,1,'Toyota',NULL,'generated',1,'2026-03-30 10:35:34','2026-03-30 10:35:34'),(108,4,2,1,'2024 Toyota Camry',NULL,'generated',1,'2026-03-30 10:35:34','2026-03-30 10:35:34'),(109,3,2,1,'Camry',NULL,'generated',1,'2026-03-30 10:35:34','2026-03-30 10:35:34'),(110,3,2,1,'Toyota Camry',NULL,'generated',1,'2026-03-30 10:35:34','2026-03-30 10:35:34'),(111,3,2,1,'2023 Toyota Camry',NULL,'generated',1,'2026-03-30 10:35:34','2026-03-30 10:35:34'),(112,3,2,1,'Toyota',NULL,'generated',1,'2026-03-30 10:35:34','2026-03-30 10:35:34'),(113,3,2,1,'Toyota Camry 2.0Q',NULL,'generated',1,'2026-03-30 10:35:34','2026-03-30 10:35:34'),(114,3,2,1,'2023 Toyota Camry 2.0Q',NULL,'generated',1,'2026-03-30 10:35:34','2026-03-30 10:35:34'),(115,2,1,1,'2024 Toyota Corolla Cross Hybrid Premium',NULL,'generated',1,'2026-03-30 10:35:34','2026-03-30 10:35:34'),(116,2,1,1,'2024 Toyota Corolla Cross',NULL,'generated',1,'2026-03-30 10:35:34','2026-03-30 10:35:34'),(117,2,1,1,'Toyota',NULL,'generated',1,'2026-03-30 10:35:34','2026-03-30 10:35:34'),(118,2,1,1,'Toyota Corolla Cross',NULL,'generated',1,'2026-03-30 10:35:34','2026-03-30 10:35:34'),(119,2,1,1,'Toyota Corolla Cross Hybrid Premium',NULL,'generated',1,'2026-03-30 10:35:34','2026-03-30 10:35:34'),(120,2,1,1,'Corolla Cross',NULL,'generated',1,'2026-03-30 10:35:34','2026-03-30 10:35:34'),(121,1,1,1,'2023 Toyota Corolla Cross 1.8V',NULL,'generated',1,'2026-03-30 10:35:34','2026-03-30 10:35:34'),(122,1,1,1,'Toyota Corolla Cross 1.8V',NULL,'generated',1,'2026-03-30 10:35:34','2026-03-30 10:35:34'),(123,1,1,1,'Toyota',NULL,'generated',1,'2026-03-30 10:35:34','2026-03-30 10:35:34'),(124,1,1,1,'Toyota Corolla Cross',NULL,'generated',1,'2026-03-30 10:35:34','2026-03-30 10:35:34'),(125,1,1,1,'Corolla Cross',NULL,'generated',1,'2026-03-30 10:35:34','2026-03-30 10:35:34'),(126,1,1,1,'2023 Toyota Corolla Cross',NULL,'generated',1,'2026-03-30 10:35:34','2026-03-30 10:35:34'),(127,20,10,9,'VinFast VF 8 Plus',NULL,'generated',1,'2026-03-30 10:35:34','2026-03-30 10:35:34'),(128,20,10,9,'2024 VinFast VF 8 Plus',NULL,'generated',1,'2026-03-30 10:35:34','2026-03-30 10:35:34'),(129,20,10,9,'VF 8',NULL,'generated',1,'2026-03-30 10:35:34','2026-03-30 10:35:34'),(130,20,10,9,'VinFast VF 8',NULL,'generated',1,'2026-03-30 10:35:34','2026-03-30 10:35:34'),(131,20,10,9,'VinFast',NULL,'generated',1,'2026-03-30 10:35:34','2026-03-30 10:35:34'),(132,20,10,9,'2024 VinFast VF 8',NULL,'generated',1,'2026-03-30 10:35:34','2026-03-30 10:35:34'),(133,19,10,9,'2023 VinFast VF 8 Eco',NULL,'generated',1,'2026-03-30 10:35:34','2026-03-30 10:35:34'),(134,19,10,9,'VF 8',NULL,'generated',1,'2026-03-30 10:35:34','2026-03-30 10:35:34'),(135,19,10,9,'2023 VinFast VF 8',NULL,'generated',1,'2026-03-30 10:35:34','2026-03-30 10:35:34'),(136,19,10,9,'VinFast VF 8',NULL,'generated',1,'2026-03-30 10:35:34','2026-03-30 10:35:34'),(137,19,10,9,'VinFast',NULL,'generated',1,'2026-03-30 10:35:34','2026-03-30 10:35:34'),(138,19,10,9,'VinFast VF 8 Eco',NULL,'generated',1,'2026-03-30 10:35:34','2026-03-30 10:35:34');
/*!40000 ALTER TABLE `vehicle_market_aliases` ENABLE KEYS */;
UNLOCK TABLES;

--
-- Table structure for table `vehicle_market_signals`
--

DROP TABLE IF EXISTS `vehicle_market_signals`;
/*!40101 SET @saved_cs_client     = @@character_set_client */;
/*!50503 SET character_set_client = utf8mb4 */;
CREATE TABLE `vehicle_market_signals` (
  `signal_id` bigint NOT NULL AUTO_INCREMENT,
  `variant_id` bigint NOT NULL,
  `market_id` int NOT NULL,
  `snapshot_date` datetime NOT NULL,
  `active_listing_count` int NOT NULL DEFAULT '0',
  `avg_asking_price` decimal(14,2) DEFAULT NULL,
  `median_asking_price` decimal(14,2) DEFAULT NULL,
  `min_asking_price` decimal(14,2) DEFAULT NULL,
  `max_asking_price` decimal(14,2) DEFAULT NULL,
  `avg_mileage_km` decimal(12,2) DEFAULT NULL,
  `price_spread_pct` decimal(10,6) DEFAULT NULL,
  `scarcity_score` decimal(10,6) DEFAULT NULL,
  `data_confidence` decimal(10,6) DEFAULT NULL,
  `source_reference_id` bigint DEFAULT NULL,
  `created_at` datetime NOT NULL DEFAULT CURRENT_TIMESTAMP,
  PRIMARY KEY (`signal_id`),
  UNIQUE KEY `uq_vehicle_market_signal` (`variant_id`,`market_id`,`snapshot_date`),
  KEY `idx_vehicle_market_signal_lookup` (`variant_id`,`market_id`,`snapshot_date`),
  KEY `fk_vehicle_market_signal_market` (`market_id`),
  KEY `fk_vehicle_market_signal_source` (`source_reference_id`),
  CONSTRAINT `fk_vehicle_market_signal_market` FOREIGN KEY (`market_id`) REFERENCES `markets` (`market_id`) ON DELETE CASCADE,
  CONSTRAINT `fk_vehicle_market_signal_source` FOREIGN KEY (`source_reference_id`) REFERENCES `source_references` (`source_reference_id`) ON DELETE SET NULL,
  CONSTRAINT `fk_vehicle_market_signal_variant` FOREIGN KEY (`variant_id`) REFERENCES `car_variants` (`variant_id`) ON DELETE CASCADE
) ENGINE=InnoDB AUTO_INCREMENT=39 DEFAULT CHARSET=utf8mb4 COLLATE=utf8mb4_unicode_ci;
/*!40101 SET character_set_client = @saved_cs_client */;

--
-- Dumping data for table `vehicle_market_signals`
--

LOCK TABLES `vehicle_market_signals` WRITE;
/*!40000 ALTER TABLE `vehicle_market_signals` DISABLE KEYS */;
INSERT INTO `vehicle_market_signals` VALUES (1,13,2,'2026-03-30 10:00:00',2,3468646500.00,3468646500.00,3384408000.00,3552885000.00,45639.50,0.048571,0.500000,0.430000,2,'2026-03-30 10:35:34'),(2,12,1,'2026-03-30 10:00:00',2,1707262000.00,1707262000.00,1697020000.00,1717504000.00,64318.00,0.011998,0.500000,0.430000,2,'2026-03-30 10:35:34'),(3,6,2,'2026-03-30 10:00:00',2,898534500.00,898534500.00,869545000.00,927524000.00,64123.00,0.064526,0.500000,0.430000,2,'2026-03-30 10:35:34'),(4,15,1,'2026-03-30 10:00:00',1,1364695000.00,1364695000.00,1364695000.00,1364695000.00,71104.00,0.000000,1.000000,0.390000,2,'2026-03-30 10:35:34'),(5,16,1,'2026-03-30 10:00:00',1,1854744000.00,1854744000.00,1854744000.00,1854744000.00,68859.00,0.000000,1.000000,0.390000,2,'2026-03-30 10:35:34'),(6,21,1,'2026-03-30 10:00:00',3,1001390666.67,1008372000.00,941150000.00,1054650000.00,37192.00,0.113342,0.333333,0.470000,2,'2026-03-30 10:35:34'),(7,8,1,'2026-03-30 10:00:00',3,765914000.00,759133000.00,732538000.00,806071000.00,60344.33,0.096007,0.333333,0.470000,2,'2026-03-30 10:35:34'),(8,6,1,'2026-03-30 10:00:00',1,894699000.00,894699000.00,894699000.00,894699000.00,38457.00,0.000000,1.000000,0.390000,2,'2026-03-30 10:35:34'),(9,15,2,'2026-03-30 10:00:00',2,1494208000.00,1494208000.00,1452212000.00,1536204000.00,76637.50,0.056212,0.500000,0.430000,2,'2026-03-30 10:35:34'),(10,4,2,'2026-03-30 10:00:00',3,1296584000.00,1294362000.00,1275642000.00,1319748000.00,48155.33,0.034017,0.333333,0.470000,2,'2026-03-30 10:35:34'),(11,16,2,'2026-03-30 10:00:00',2,1858433500.00,1858433500.00,1780075000.00,1936792000.00,56244.50,0.084327,0.500000,0.430000,2,'2026-03-30 10:35:34'),(12,18,2,'2026-03-30 10:00:00',1,2445092000.00,2445092000.00,2445092000.00,2445092000.00,30573.00,0.000000,1.000000,0.390000,2,'2026-03-30 10:35:34'),(13,19,2,'2026-03-30 10:00:00',1,1078147000.00,1078147000.00,1078147000.00,1078147000.00,45118.00,0.000000,1.000000,0.390000,2,'2026-03-30 10:35:34'),(14,17,1,'2026-03-30 10:00:00',3,1928162333.33,1906831000.00,1874415000.00,2003241000.00,82929.33,0.066813,0.333333,0.470000,2,'2026-03-30 10:35:34'),(15,9,1,'2026-03-30 10:00:00',1,828820000.00,828820000.00,828820000.00,828820000.00,93788.00,0.000000,1.000000,0.390000,2,'2026-03-30 10:35:34'),(16,7,1,'2026-03-30 10:00:00',1,642627000.00,642627000.00,642627000.00,642627000.00,68752.00,0.000000,1.000000,0.390000,2,'2026-03-30 10:35:34'),(17,22,1,'2026-03-30 10:00:00',2,1222567500.00,1222567500.00,1181595000.00,1263540000.00,61293.00,0.067027,0.500000,0.430000,2,'2026-03-30 10:35:34'),(18,14,2,'2026-03-30 10:00:00',2,3704785500.00,3704785500.00,3634939000.00,3774632000.00,60191.50,0.037706,0.500000,0.430000,2,'2026-03-30 10:35:34'),(19,10,2,'2026-03-30 10:00:00',2,909775500.00,909775500.00,903070000.00,916481000.00,48960.50,0.014741,0.500000,0.430000,2,'2026-03-30 10:35:34'),(20,2,2,'2026-03-30 10:00:00',3,849795333.33,846899000.00,807672000.00,894815000.00,64417.00,0.102546,0.333333,0.470000,2,'2026-03-30 10:35:34'),(21,9,2,'2026-03-30 10:00:00',2,766680500.00,766680500.00,754087000.00,779274000.00,74108.50,0.032852,0.500000,0.430000,2,'2026-03-30 10:35:34'),(22,11,1,'2026-03-30 10:00:00',2,1324121000.00,1324121000.00,1322552000.00,1325690000.00,82094.50,0.002370,0.500000,0.430000,2,'2026-03-30 10:35:34'),(23,18,1,'2026-03-30 10:00:00',2,2438061500.00,2438061500.00,2388194000.00,2487929000.00,55705.50,0.040907,0.500000,0.430000,2,'2026-03-30 10:35:34'),(24,20,1,'2026-03-30 10:00:00',1,1185545000.00,1185545000.00,1185545000.00,1185545000.00,48502.00,0.000000,1.000000,0.390000,2,'2026-03-30 10:35:34'),(25,5,2,'2026-03-30 10:00:00',1,786793000.00,786793000.00,786793000.00,786793000.00,69321.00,0.000000,1.000000,0.390000,2,'2026-03-30 10:35:34'),(26,7,2,'2026-03-30 10:00:00',2,635886000.00,635886000.00,614214000.00,657558000.00,96362.50,0.068163,0.500000,0.430000,2,'2026-03-30 10:35:34'),(27,3,2,'2026-03-30 10:00:00',3,943170333.33,924340000.00,901664000.00,1003507000.00,79838.67,0.107979,0.333333,0.470000,2,'2026-03-30 10:35:34'),(28,5,1,'2026-03-30 10:00:00',2,757922500.00,757922500.00,753739000.00,762106000.00,69042.50,0.011039,0.500000,0.430000,2,'2026-03-30 10:35:34'),(29,11,2,'2026-03-30 10:00:00',1,1474196000.00,1474196000.00,1474196000.00,1474196000.00,39545.00,0.000000,1.000000,0.390000,2,'2026-03-30 10:35:34'),(30,19,1,'2026-03-30 10:00:00',2,1042356000.00,1042356000.00,1037969000.00,1046743000.00,79812.50,0.008417,0.500000,0.430000,2,'2026-03-30 10:35:34'),(31,12,2,'2026-03-30 10:00:00',1,1678350000.00,1678350000.00,1678350000.00,1678350000.00,41723.00,0.000000,1.000000,0.390000,2,'2026-03-30 10:35:34'),(32,13,1,'2026-03-30 10:00:00',1,3448335000.00,3448335000.00,3448335000.00,3448335000.00,83708.00,0.000000,1.000000,0.390000,2,'2026-03-30 10:35:34'),(33,22,2,'2026-03-30 10:00:00',1,1265284000.00,1265284000.00,1265284000.00,1265284000.00,56163.00,0.000000,1.000000,0.390000,2,'2026-03-30 10:35:34'),(34,20,2,'2026-03-30 10:00:00',2,1211820500.00,1211820500.00,1168743000.00,1254898000.00,51580.00,0.071096,0.500000,0.430000,2,'2026-03-30 10:35:34'),(35,10,1,'2026-03-30 10:00:00',1,943980000.00,943980000.00,943980000.00,943980000.00,65475.00,0.000000,1.000000,0.390000,2,'2026-03-30 10:35:35'),(36,1,1,'2026-03-30 10:00:00',1,693680000.00,693680000.00,693680000.00,693680000.00,49342.00,0.000000,1.000000,0.390000,2,'2026-03-30 10:35:35'),(37,1,2,'2026-03-30 10:00:00',2,717457500.00,717457500.00,702557000.00,732358000.00,74822.50,0.041537,0.500000,0.430000,2,'2026-03-30 10:35:35'),(38,14,1,'2026-03-30 10:00:00',1,4048944000.00,4048944000.00,4048944000.00,4048944000.00,37514.00,0.000000,1.000000,0.390000,2,'2026-03-30 10:35:35');
/*!40000 ALTER TABLE `vehicle_market_signals` ENABLE KEYS */;
UNLOCK TABLES;

--
-- Table structure for table `vehicle_recall_snapshots`
--

DROP TABLE IF EXISTS `vehicle_recall_snapshots`;
/*!40101 SET @saved_cs_client     = @@character_set_client */;
/*!50503 SET character_set_client = utf8mb4 */;
CREATE TABLE `vehicle_recall_snapshots` (
  `recall_snapshot_id` bigint NOT NULL AUTO_INCREMENT,
  `variant_id` bigint NOT NULL,
  `source_reference_id` bigint DEFAULT NULL,
  `campaign_number` varchar(60) COLLATE utf8mb4_unicode_ci NOT NULL,
  `component` varchar(255) COLLATE utf8mb4_unicode_ci DEFAULT NULL,
  `summary` text COLLATE utf8mb4_unicode_ci,
  `consequence` text COLLATE utf8mb4_unicode_ci,
  `remedy` text COLLATE utf8mb4_unicode_ci,
  `report_date` date DEFAULT NULL,
  `created_at` datetime NOT NULL DEFAULT CURRENT_TIMESTAMP,
  PRIMARY KEY (`recall_snapshot_id`),
  UNIQUE KEY `uq_vehicle_recall_variant_campaign` (`variant_id`,`campaign_number`),
  KEY `idx_vehicle_recall_variant` (`variant_id`),
  KEY `fk_vehicle_recall_source` (`source_reference_id`),
  CONSTRAINT `fk_vehicle_recall_source` FOREIGN KEY (`source_reference_id`) REFERENCES `source_references` (`source_reference_id`) ON DELETE SET NULL,
  CONSTRAINT `fk_vehicle_recall_variant` FOREIGN KEY (`variant_id`) REFERENCES `car_variants` (`variant_id`) ON DELETE CASCADE
) ENGINE=InnoDB AUTO_INCREMENT=38 DEFAULT CHARSET=utf8mb4 COLLATE=utf8mb4_unicode_ci;
/*!40101 SET character_set_client = @saved_cs_client */;

--
-- Dumping data for table `vehicle_recall_snapshots`
--

LOCK TABLES `vehicle_recall_snapshots` WRITE;
/*!40000 ALTER TABLE `vehicle_recall_snapshots` DISABLE KEYS */;
INSERT INTO `vehicle_recall_snapshots` VALUES (1,14,19,'23V471000','AIR BAGS:KNEE BOLSTER','BMW of North America, LLC (BMW) is recalling certain 2024 X5 sDrive40i, X5 xDrive40i, X5 M60i, X5 M, xDrive 50e, 2024 X6 xDrive40i, X6 M60i, X6 M, 2024 X7 xDrive40i, X7 M60i, Alpina XB7, and 2023 XM vehicles.  The knee air bag (driver and/or passenger) may not have been manufactured correctly, which can result in the knee air bag not deploying as intended.','A knee air bag that does not deploy as intended increases the risk of injury.','Dealers will replace the knee air bag (driver and/or passenger), free of charge.  Owner notification letters were mailed September 6, 2023.  Owners may contact BMW customer service at 1-800-525-7417.',NULL,'2026-03-30 10:36:01'),(2,14,19,'23V622000','AIR BAGS','BMW of North America, LLC (BMW) is recalling certain 2023 BMW XM, 2024 BMW X5 sDrive40i, X5 xDrive40i, X5 M60i, X5 M, X5 xDrive50e, X6 xDrive40i, X6 M60i, X6 M, X7 xDrive40i, X7 M60i, and Alpina XB7 vehicles.  The front passenger knee air bag may not deploy as intended.','An air bag that does not deploy as intended can increase the risk of injury in a crash.','Dealers will replace the front passenger knee air bag, free of charge.  Owner notification letters were mailed November 3, 2023.  Owners may contact BMW\'s customer service at 1-800-525-7417.',NULL,'2026-03-30 10:36:01'),(3,14,19,'24V104000','ELECTRONIC STABILITY CONTROL (ESC)','BMW of North America, LLC. (BMW) is recalling certain 2023-2025 BMW, MINI, and Rolls-Royce vehicles.  Please see the recall report for a complete list of models and model years.  The integrated brake (IB) system may malfunction and result in a loss of power brake assist or cause the Antilock Brake (ABS) and Dynamic Stability Control (DSC) systems to not function properly.','A loss of power brake assist can extend the distance required to stop the vehicle.  Additionally, malfunctioning ABS and/or DSC systems can cause a loss of vehicle control.  Either of these scenarios can increase the risk of a crash.','Dealers will replace the integrated brake system, free of charge.  Owner notification letters were mailed between June and December 2024.  Owners may contact BMW customer service at 1-800-525-7417 or Rolls Royce customer service at 1-877-877-3735.',NULL,'2026-03-30 10:36:01'),(4,14,19,'24V138000','STRUCTURE:INTERIOR PANELS:DASHBOARD','BMW of North America, LLC (BMW) is recalling certain 2024 X5 sDrive40i, X5 xDrive40i and X7 xDrive40i vehicles.  The instrument panel may not have been manufactured properly, which can result in improper air bag deployment or the panel separating during air bag deployment.','Instrument panel separation during air bag deployment can result in pieces of the panel striking occupants.  Improper air bag deployment may not restrain an occupant as intended during a crash.  Either of these scenarios can increase the risk of injury.','Dealers will replace the instrument panel, free of charge.  Owner notification letters were mailed April 16, 2024.  Owners may contact BMW customer service at 1-800-525-7417.',NULL,'2026-03-30 10:36:01'),(5,14,19,'24V327000','EQUIPMENT:OTHER:LABELS','BMW of North America, LLC (BMW) is recalling certain 2024-2025 X5 xDrive40i vehicles.  The tire information placard may indicate an incorrect tire size and tire pressure.  As such, these vehicles fail to comply with the requirements of Federal Motor Vehicle Safety Standard number 110, \"Tire Selection and Rims.\"','Incorrect tire information can allow an incorrectly sized tire to be installed or result in improperly inflated tires, increasing the risk of a crash.','Dealers will replace the tire information placard, free of charge.  Owner notification letters were mailed July 9, 2024.  Owners may contact BMW customer service at 1-800-525-7417.',NULL,'2026-03-30 10:36:01'),(6,14,19,'24V697000','ELECTRONIC STABILITY CONTROL (ESC):CONTROL MODULE','BMW of North America (BMW) is recalling certain 2023-2024 X1, 2024-2025 X5, 2025 X6, 2023-2025 X7, 740i, 760i, 2024 XM, 530i, 540i, i7, 750e, X2, 2024-2025 i5, 2024 Rolls Royce Spectre, 2025 MINI Countryman S ALL4, JCW Countryman ALL4, and 2025 MINI Hardtop 2 Door (Cooper, Cooper S) vehicles.  Please refer to the recall report for the complete list of models.  The welds in the servomotor of the integrated brake control module may break, causing a loss of power brake assist and rear brake function.  In addition, the Antilock Brake System (ABS) and Dynamic Stability Control (DSC) system may not function.','A loss of brake power assist or rear brake function can result in extended stopping distance.  A loss of ABS or DSC can cause a loss of vehicle handling and control.  Either of these scenarios can increase the risk of a crash.','Dealers will replace the integrated brake system, free of charge.  Owner notification letters were mailed November 13, 2024.  Owners can contact BMW Customer Service at 1-800-525-7417.',NULL,'2026-03-30 10:36:01'),(7,14,19,'24V739000','ELECTRONIC STABILITY CONTROL (ESC)','BMW of North America, LLC. (BMW) is recalling certain 2023-2024 X1, X5, X6, X7, XM, 530i, i5, 740i, 760i, i7, and 750e vehicles.  Please see the recall report for a complete list of models and model years.  The integrated brake (IB) system may malfunction and result in a loss of power brake assist or cause the Antilock Brake (ABS) and Dynamic Stability Control (DSC) systems to not function properly.','A loss of power brake assist can extend the distance required to stop the vehicle.  Additionally, malfunctioning ABS and/or DSC systems can cause a loss of vehicle control.  Either of these scenarios can increase the risk of a crash.','Dealers will replace the integrated brake module, free of charge.  Interim owner notification letters notifying owners of the safety risk are expected to be mailed November 22, 2024.  Second letters will be mailed once the parts are available.  Owners may contact BMW customer service at 1-800-525-7417.   Vehicles in this recall were previously repaired under recall number 24V-104 and will need to have the new remedy completed.',NULL,'2026-03-30 10:36:01'),(8,13,20,'23V471000','AIR BAGS:KNEE BOLSTER','BMW of North America, LLC (BMW) is recalling certain 2024 X5 sDrive40i, X5 xDrive40i, X5 M60i, X5 M, xDrive 50e, 2024 X6 xDrive40i, X6 M60i, X6 M, 2024 X7 xDrive40i, X7 M60i, Alpina XB7, and 2023 XM vehicles.  The knee air bag (driver and/or passenger) may not have been manufactured correctly, which can result in the knee air bag not deploying as intended.','A knee air bag that does not deploy as intended increases the risk of injury.','Dealers will replace the knee air bag (driver and/or passenger), free of charge.  Owner notification letters were mailed September 6, 2023.  Owners may contact BMW customer service at 1-800-525-7417.',NULL,'2026-03-30 10:36:01'),(9,13,20,'23V622000','AIR BAGS','BMW of North America, LLC (BMW) is recalling certain 2023 BMW XM, 2024 BMW X5 sDrive40i, X5 xDrive40i, X5 M60i, X5 M, X5 xDrive50e, X6 xDrive40i, X6 M60i, X6 M, X7 xDrive40i, X7 M60i, and Alpina XB7 vehicles.  The front passenger knee air bag may not deploy as intended.','An air bag that does not deploy as intended can increase the risk of injury in a crash.','Dealers will replace the front passenger knee air bag, free of charge.  Owner notification letters were mailed November 3, 2023.  Owners may contact BMW\'s customer service at 1-800-525-7417.',NULL,'2026-03-30 10:36:01'),(10,13,20,'24V104000','ELECTRONIC STABILITY CONTROL (ESC)','BMW of North America, LLC. (BMW) is recalling certain 2023-2025 BMW, MINI, and Rolls-Royce vehicles.  Please see the recall report for a complete list of models and model years.  The integrated brake (IB) system may malfunction and result in a loss of power brake assist or cause the Antilock Brake (ABS) and Dynamic Stability Control (DSC) systems to not function properly.','A loss of power brake assist can extend the distance required to stop the vehicle.  Additionally, malfunctioning ABS and/or DSC systems can cause a loss of vehicle control.  Either of these scenarios can increase the risk of a crash.','Dealers will replace the integrated brake system, free of charge.  Owner notification letters were mailed between June and December 2024.  Owners may contact BMW customer service at 1-800-525-7417 or Rolls Royce customer service at 1-877-877-3735.',NULL,'2026-03-30 10:36:01'),(11,13,20,'24V138000','STRUCTURE:INTERIOR PANELS:DASHBOARD','BMW of North America, LLC (BMW) is recalling certain 2024 X5 sDrive40i, X5 xDrive40i and X7 xDrive40i vehicles.  The instrument panel may not have been manufactured properly, which can result in improper air bag deployment or the panel separating during air bag deployment.','Instrument panel separation during air bag deployment can result in pieces of the panel striking occupants.  Improper air bag deployment may not restrain an occupant as intended during a crash.  Either of these scenarios can increase the risk of injury.','Dealers will replace the instrument panel, free of charge.  Owner notification letters were mailed April 16, 2024.  Owners may contact BMW customer service at 1-800-525-7417.',NULL,'2026-03-30 10:36:01'),(12,13,20,'24V327000','EQUIPMENT:OTHER:LABELS','BMW of North America, LLC (BMW) is recalling certain 2024-2025 X5 xDrive40i vehicles.  The tire information placard may indicate an incorrect tire size and tire pressure.  As such, these vehicles fail to comply with the requirements of Federal Motor Vehicle Safety Standard number 110, \"Tire Selection and Rims.\"','Incorrect tire information can allow an incorrectly sized tire to be installed or result in improperly inflated tires, increasing the risk of a crash.','Dealers will replace the tire information placard, free of charge.  Owner notification letters were mailed July 9, 2024.  Owners may contact BMW customer service at 1-800-525-7417.',NULL,'2026-03-30 10:36:01'),(13,13,20,'24V697000','ELECTRONIC STABILITY CONTROL (ESC):CONTROL MODULE','BMW of North America (BMW) is recalling certain 2023-2024 X1, 2024-2025 X5, 2025 X6, 2023-2025 X7, 740i, 760i, 2024 XM, 530i, 540i, i7, 750e, X2, 2024-2025 i5, 2024 Rolls Royce Spectre, 2025 MINI Countryman S ALL4, JCW Countryman ALL4, and 2025 MINI Hardtop 2 Door (Cooper, Cooper S) vehicles.  Please refer to the recall report for the complete list of models.  The welds in the servomotor of the integrated brake control module may break, causing a loss of power brake assist and rear brake function.  In addition, the Antilock Brake System (ABS) and Dynamic Stability Control (DSC) system may not function.','A loss of brake power assist or rear brake function can result in extended stopping distance.  A loss of ABS or DSC can cause a loss of vehicle handling and control.  Either of these scenarios can increase the risk of a crash.','Dealers will replace the integrated brake system, free of charge.  Owner notification letters were mailed November 13, 2024.  Owners can contact BMW Customer Service at 1-800-525-7417.',NULL,'2026-03-30 10:36:01'),(14,13,20,'24V739000','ELECTRONIC STABILITY CONTROL (ESC)','BMW of North America, LLC. (BMW) is recalling certain 2023-2024 X1, X5, X6, X7, XM, 530i, i5, 740i, 760i, i7, and 750e vehicles.  Please see the recall report for a complete list of models and model years.  The integrated brake (IB) system may malfunction and result in a loss of power brake assist or cause the Antilock Brake (ABS) and Dynamic Stability Control (DSC) systems to not function properly.','A loss of power brake assist can extend the distance required to stop the vehicle.  Additionally, malfunctioning ABS and/or DSC systems can cause a loss of vehicle control.  Either of these scenarios can increase the risk of a crash.','Dealers will replace the integrated brake module, free of charge.  Interim owner notification letters notifying owners of the safety risk are expected to be mailed November 22, 2024.  Second letters will be mailed once the parts are available.  Owners may contact BMW customer service at 1-800-525-7417.   Vehicles in this recall were previously repaired under recall number 24V-104 and will need to have the new remedy completed.',NULL,'2026-03-30 10:36:01'),(15,6,23,'23V704000','STEERING:RACK AND PINION','Honda (American Honda Motor Co.) is recalling certain 2022-2024 Civic 4-door and Civic 5-door vehicles that received a replacement power steering rack as part of a service repair.  The steering rack may have been incorrectly assembled, which can allow the tire to chafe against the lower suspension or tie rod end, possibly resulting in tire damage.','A damaged tire can fail and increase the risk of a crash or injury.','Dealers will inspect and replace the electric power steering rack, as necessary, free of charge.  Owner letters were mailed January 16, 2024.  Owners may contact Honda customer service at 1-888-234-2138.  Honda\'s number for this recall is YFW.',NULL,'2026-03-30 10:36:03'),(16,6,23,'24V744000','STEERING','Honda (American Honda Motor Co.) is recalling certain 2023-2025 Acura Integra, Civic Type R, CR-V Hybrid, CR-V, HR-V, 2022-2025 Civic, Civic Hatchback, 2024-2025 Acura Integra Type S, 2025 CR-V Fuel Cell EV, Civic Hybrid, and Civic Hatchback Hybrid vehicles.  The steering gearbox assembly may have been manufactured incorrectly, which can cause excessive internal friction and lead to difficulty steering the vehicle.','Difficulty steering can increase the risk of a crash.','Dealers will replace the worm gear spring and redistribute or add grease as necessary, free of charge.  Owner notification letters were mailed November 18, 2024.  Owners may contact Honda Customer Service at 1-888-234-2138.   Honda\'s numbers for this recall are SJS, MJU, QJT and VJV.',NULL,'2026-03-30 10:36:03'),(17,6,23,'24V859000','SEATS:CRITICAL FASTENERS','Honda (American Honda Motor Co.) is recalling certain 2023-2024 Honda Accord, Accord Hybrid, Civic Sedan, Civic Hatchback, Pilot, and 2024 HR-V, Acura Integra and Acura Integra Type S vehicles.  The driver\'s seat cushion frame may not have been tightened properly, which can result in an unsecured seat.  As such, these vehicles fail to comply with the requirements of Federal Motor Vehicle Safety Standard number 207, \"Seating Systems.\"','An unsecured driver\'s seat may not adequately restrain the driver during a crash, increasing the risk of injury.','Dealers will replace the driver\'s seat cushion frame, free of charge.  Owner notification letters were mailed January 6, 2025.  Owners may contact Honda customer service at 1-888-234-2138.',NULL,'2026-03-30 10:36:03'),(18,10,24,'23V556000','EQUIPMENT:OTHER:LABELS','Hyundai Motor America (Hyundai) is recalling certain 2024 Tucson vehicles.  The tire and loading information label may incorrectly indicate information about a spare tire.  As such, these vehicles fail to comply with the requirements of Federal Motor Vehicle Safety Standard number 110, \"Tire Selection and Rims.\"','A label that incorrectly states spare tire pressure when there is no spare tire on-board may cause confusion during an emergency tire replacement, increasing the risk of a crash or injury.','Dealers will inspect and replace the tire and loading information label, as necessary, free of charge.  Owner notification letters were mailed September 5, 2023.  Owners may contact Hyundai customer service at 1-855-371-9460.  Hyundai\'s number for this recall is 247.',NULL,'2026-03-30 10:36:03'),(19,10,24,'23V526000','POWER TRAIN:AUTOMATIC TRANSMISSION:FLUID/LUBRICANT:PUMP','Hyundai Motor America (Hyundai) is recalling certain 2023-2024 Palisade Tucson, 2023 Sonata, Elantra, and Kona vehicles.  The electronic controller for the Idle Stop & Go oil pump assembly may contain damaged electrical components that can cause the pump controller to overheat.','An electric oil pump assembly that overheats increases the risk of a vehicle fire.','Owners are advised to park outside and away from structures until the recall repair is complete.  Dealers will inspect and replace the electric oil pump controller, as necessary, free of charge.  Owner notification letters were mailed starting September 7, 2023.  Owners may contact Hyundai customer service at 1-855-371-9460.  Hyundai\'s number for this recall is 246.',NULL,'2026-03-30 10:36:03'),(20,10,24,'24V412000','STEERING:ELECTRIC POWER ASSIST SYSTEM','Hyundai Motor America (Hyundai) is recalling certain 2024 Tucson and Santa Cruz vehicles.  The circuit board in the motor-driven power steering assembly may short circuit, resulting in a loss of power steering assist.','A loss of power steering assist can increase the risk of a crash.','Dealers will replace the motor-driven power steering electric power pack, free of charge.  Owner notification letters were mailed July 11, 2024.  Owners may contact Hyundai customer service at 1-855-371-9460.  Hyundai\'s number for this recall is 261.',NULL,'2026-03-30 10:36:03'),(21,10,24,'25V893000','TRAILER HITCHES','Hyundai Motor America (Hyundai) is recalling certain 2022-2024 Tucson vehicles equipped with an optional Mobis tow hitch wiring harness. The wiring harness may have been installed incorrectly, allowing water into the control module. Moisture accumulation may cause the trailer lighting to fail or an electrical short circuit.','Nonfunctioning trailer lights can increase the risk of a crash. A short circuit can increase the risk of a fire.','Owners are advised to park outside and away from structures until the recall repair is complete. Dealers will replace the trailer wiring harness, free of charge. Interim notification letters, notifying owners of the safety risk, were mailed February 13, 2026. Additional letters will be sent once the final remedy is available, anticipated July 2026. Owners may contact Hyundai customer service at 1-855-371-9460. Hyundai\'s number for this recall is 290. Vehicle Identification Numbers (VINs) involved in this recall  became searchable on NHTSA.gov on December 20, 2025.',NULL,'2026-03-30 10:36:03'),(22,12,25,'24V025000','STRUCTURE:BODY:ROOF AND PILLARS','Kia America, Inc. (Kia) is recalling certain 2023-2024 Sportage and 2022-2024 Carnival vehicles.  The roof molding may loosen and detach.','A detached roof molding can create a road hazard for other vehicles, increasing the risk of a crash.','Dealers will inspect the roof molding and replace or secure it as necessary, free of charge.  Owner notification letters were mailed March 15, 2024.  Owners may contact Kia customer service at 1-800-333-4542.  Kia\'s number for this recall is SC292.',NULL,'2026-03-30 10:36:04'),(23,18,26,'24V482000','SEATS:FRONT ASSEMBLY:HEAD RESTRAINT','Toyota Motor Engineering & Manufacturing (Toyota) is recalling certain 2024 Lexus RX 350, RX 350h, 2024-2025 NX 250, NX 350, and NX 350h vehicles.  The head restraints on the driver and front passenger seats may be inadvertently removed without pressing the lock release button.  As such, these vehicles fail to comply with the requirements of Federal Motor Vehicle Safety Standard (FMVSS) Number 202, \"Head Restraints.\"','A head restraint that is inadvertently removed and not reinstalled can increase the risk of injury during a rear-end crash.','Dealers will replace the driver and front passenger seat head rest assemblies, free of charge.  Owner letters were mailed February 14, 2025.  Owners may contact Toyota customer service at 1-800-331-4331.  Toyota\'s numbers for this recall are 24LB06 and 24LA06.',NULL,'2026-03-30 10:36:04'),(24,18,26,'25V040000','STEERING:COLUMN','Toyota Motor Engineering & Manufacturing (Toyota) is recalling certain 2023 Toyota Corolla, Corolla Cross, Corolla Cross Hybrid, Highlander, Highlander Hybrid, Tacoma, Lexus RX350, 2023-2024 NX250, and NX350 vehicles that may have been incorrectly repaired under previous NHTSA recall number 23V-480.  An electrical connection inside the steering column\'s spiral cable assembly may be insufficiently welded, causing the connection to separate and deactivate the driver\'s air bag.  As such, these vehicles fail to comply with the requirements of Federal Motor Vehicle Safety Standard number 208, \"Occupant Crash Protection.\"','A deactivated driver\'s air bag will not deploy as intended, increasing the risk of injury during a crash.','Dealers will inspect and replace the spiral cable assembly as necessary, free of charge.  Owner notification letters were mailed March 17, 2025.  Owners may contact Toyota\'s customer service at 1-800-331-4331.  Toyota\'s number for this recall is 25TA02.  Lexus\' number for this recall is 25LA02.',NULL,'2026-03-30 10:36:04'),(25,18,26,'25V744000','BACK OVER PREVENTION:DISPLAY FUNCTION','Toyota Motor Engineering & Manufacturing (Toyota) is recalling certain 2022-2026 Toyota, Lexus, and Subaru Solterra vehicles equipped with a Panoramic View Monitor (PVM) system. Please see the recall report for a complete list of models. A software error may cause the rearview camera to freeze or display a blank screen when the vehicle is in reverse. As such, these vehicles fail to comply with the requirements of Federal Motor Vehicle Safety Standard (FMVSS) number 111, \"Rear Visibility.\"','A rearview camera that fails to display an image can reduce the driver\'s view behind the vehicle, increasing the risk of a crash.','Dealers will update the parking assist software, free of charge. Owner letters were mailed January 2, 2026. Owners may contact Toyota\'s customer service at 1-800-331-4331. Toyota\'s numbers for this recall are 25TB13 and 25LB06. Subaru\'s number for this recall is WRE25.',NULL,'2026-03-30 10:36:04'),(26,18,26,'26V162000','BACK OVER PREVENTION:SOFTWARE','Toyota Motor Engineering & Manufacturing (Toyota) is recalling certain 2022-2025 Lexus NX350, NX250, 2023-2026 RX350, and 2024-2026 TX350 vehicles. The rearview camera image may not display when the vehicle is placed in reverse. As such, these vehicles fail to comply with the requirements of Federal Motor Vehicle Safety Standard (FMVSS) number 111, \"Rear Visibility.\"','A rearview image that does not display reduces the driver\'s view behind the vehicle, increasing the risk of a crash.','Dealers will update the rearview camera software or replace the rearview camera, as necessary, free of charge. Owner notification letters are expected to be mailed May 3, 2026. Owners may contact Toyota\'s customer service at 1-800-331-4331. Toyota\'s numbers for this recall are 26LB02 and 26LA02.',NULL,'2026-03-30 10:36:04'),(27,8,27,'23V718000','BACK OVER PREVENTION: SENSING SYSTEM: CAMERA','Mazda North American Operations (Mazda) is recalling certain 2024 CX-90 and MAZDA3 vehicles.  Due to a software error, the rearview, front, and/or side camera images may not appear on the display.  As such, these vehicles fail to comply with the requirements of Federal Motor Vehicle Safety Standard number 111, \"Rear Visibility.\"','A camera that does not display an image can reduce the driver\'s view, increasing the risk of a crash or injury.','Dealers will update the view monitor control module software, free of charge.  Owner notification letters were mailed December 20, 2023.  Owners may contact Mazda customer service at 1-800-222-5500 Option 6.  Mazda\'s number for this recall is 6223J.',NULL,'2026-03-30 10:36:05'),(28,8,27,'24V649000','LANE DEPARTURE: SENSING SYSTEM: CAMERA','Mazda North American Operations (Mazda) is recalling certain 2024 Mazda 3, CX-30, and 2025 CX-50 vehicles.  A malfunction in the forward sensing camera (FSC) may prevent the automatic emergency braking system and the lane-keep assist system from functioning.  In addition, the headlights will not automatically adjust from high beams to low beams as intended.','Automatic braking, steering assist, and headlight control systems that do not function as intended can increase the risk of a crash.','Dealers will inspect and replace the forward sensing camera as necessary, free of charge.  Owner notification letters were mailed September 24, 2024.  Owners may contact Mazda customer service at 1-800-222-5500, Option 6.  Mazda\'s number for this recall is 6824H.',NULL,'2026-03-30 10:36:05'),(29,8,27,'25V357000','AIR BAGS: AIR BAG/RESTRAINT CONTROL MODULE:SOFTWARE','Mazda North American Operations is recalling certain 2024-2025 Mazda3 and CX30 vehicles. The Sophisticated Air Bag Sensor (SAS) units may set an error code and deactivate the air bags, due to a low battery condition.','Air bags that do not deploy in the event of a crash increase the risk of injury.','Dealers will reprogram the SAS unit with improved software or replace the unit, free of charge.  Owner notification letters were mailed July 24, 2025.  Mazda\'s number for this recall is 7525E.',NULL,'2026-03-30 10:36:05'),(30,4,29,'24V128000','SEATS','Toyota Motor Engineering & Manufacturing (Toyota) is recalling certain 2023-2024 Camry and Camry Hybrid vehicles. The second-row center and right-side seats may have insufficiently welded head restraint brackets.  As such, these vehicles fail to comply with the requirements of Federal Motor Vehicle Safety Standard number 202, \"Head Restraints.\"','A head restraint bracket that is insufficiently welded may not properly restrain an occupant during a crash, increasing the risk of injury.','Dealers will replace the 60% rear seat-back frame sub-assembly, free of charge.  Owner notification letters were mailed April 19, 2024.  Owners may contact Toyota customer service at 1-800-331-4331.  Toyota\'s numbers for this recall are 24TB04 and 24TA04.',NULL,'2026-03-30 10:36:06'),(31,20,31,'25V559000','LANE DEPARTURE: LANE KEEP: AUTOMATIC STEERING','VinFast Auto, LLC (VinFast) is recalling certain 2023-2025 VF8 vehicles. The Advanced Driver Assistance System (ADAS) may activate during wide turns, causing unexpected steering wheel movements that are difficult for the driver to override.','A steering wheel that moves unexpectedly may increase the risk of a crash.','VinFast will update the ADAS software, free of charge. Owner notification letters were mailed October 27, 2025. Owners may contact VinFast customer service at 1-833-503-0600.',NULL,'2026-03-30 10:36:07'),(32,5,32,'23V430000','SERVICE BRAKES, HYDRAULIC:ANTILOCK/TRACTION CONTROL/ELECTRONIC LIMITED SLIP:CONTROL UNIT/MODULE','Honda (America Honda Motor Co.) is recalling certain 2023 Civic, Acura RDX, Acura Integra, and 2022 Honda Accord vehicles.  A ball valve in the vehicle stability assist (VSA) modulator may leak brake fluid, which can result in unintended vehicle movement when the brake hold feature is engaged or an unexpected increase in brake pedal travel.','Unintended vehicle movement or an unexpected increase in brake pedal travel can increase the risk of a crash or injury.','Dealers will replace the VSA modulator, free of charge.  Owner notification letters were mailed July 24, 2023.  Owners may contact Honda customer service at 1-888-234-2138.  Honda\'s numbers for this recall are OEJ, XEK, AEY, XEX and OEW.',NULL,'2026-03-30 10:36:08'),(33,5,32,'23V704000','STEERING:RACK AND PINION','Honda (American Honda Motor Co.) is recalling certain 2022-2024 Civic 4-door and Civic 5-door vehicles that received a replacement power steering rack as part of a service repair.  The steering rack may have been incorrectly assembled, which can allow the tire to chafe against the lower suspension or tie rod end, possibly resulting in tire damage.','A damaged tire can fail and increase the risk of a crash or injury.','Dealers will inspect and replace the electric power steering rack, as necessary, free of charge.  Owner letters were mailed January 16, 2024.  Owners may contact Honda customer service at 1-888-234-2138.  Honda\'s number for this recall is YFW.',NULL,'2026-03-30 10:36:08'),(34,5,32,'24V744000','STEERING','Honda (American Honda Motor Co.) is recalling certain 2023-2025 Acura Integra, Civic Type R, CR-V Hybrid, CR-V, HR-V, 2022-2025 Civic, Civic Hatchback, 2024-2025 Acura Integra Type S, 2025 CR-V Fuel Cell EV, Civic Hybrid, and Civic Hatchback Hybrid vehicles.  The steering gearbox assembly may have been manufactured incorrectly, which can cause excessive internal friction and lead to difficulty steering the vehicle.','Difficulty steering can increase the risk of a crash.','Dealers will replace the worm gear spring and redistribute or add grease as necessary, free of charge.  Owner notification letters were mailed November 18, 2024.  Owners may contact Honda Customer Service at 1-888-234-2138.   Honda\'s numbers for this recall are SJS, MJU, QJT and VJV.',NULL,'2026-03-30 10:36:08'),(35,5,32,'24V859000','SEATS:CRITICAL FASTENERS','Honda (American Honda Motor Co.) is recalling certain 2023-2024 Honda Accord, Accord Hybrid, Civic Sedan, Civic Hatchback, Pilot, and 2024 HR-V, Acura Integra and Acura Integra Type S vehicles.  The driver\'s seat cushion frame may not have been tightened properly, which can result in an unsecured seat.  As such, these vehicles fail to comply with the requirements of Federal Motor Vehicle Safety Standard number 207, \"Seating Systems.\"','An unsecured driver\'s seat may not adequately restrain the driver during a crash, increasing the risk of injury.','Dealers will replace the driver\'s seat cushion frame, free of charge.  Owner notification letters were mailed January 6, 2025.  Owners may contact Honda customer service at 1-888-234-2138.',NULL,'2026-03-30 10:36:08'),(36,9,33,'23V526000','POWER TRAIN:AUTOMATIC TRANSMISSION:FLUID/LUBRICANT:PUMP','Hyundai Motor America (Hyundai) is recalling certain 2023-2024 Palisade Tucson, 2023 Sonata, Elantra, and Kona vehicles.  The electronic controller for the Idle Stop & Go oil pump assembly may contain damaged electrical components that can cause the pump controller to overheat.','An electric oil pump assembly that overheats increases the risk of a vehicle fire.','Owners are advised to park outside and away from structures until the recall repair is complete.  Dealers will inspect and replace the electric oil pump controller, as necessary, free of charge.  Owner notification letters were mailed starting September 7, 2023.  Owners may contact Hyundai customer service at 1-855-371-9460.  Hyundai\'s number for this recall is 246.',NULL,'2026-03-30 10:36:08'),(37,9,33,'25V893000','TRAILER HITCHES','Hyundai Motor America (Hyundai) is recalling certain 2022-2024 Tucson vehicles equipped with an optional Mobis tow hitch wiring harness. The wiring harness may have been installed incorrectly, allowing water into the control module. Moisture accumulation may cause the trailer lighting to fail or an electrical short circuit.','Nonfunctioning trailer lights can increase the risk of a crash. A short circuit can increase the risk of a fire.','Owners are advised to park outside and away from structures until the recall repair is complete. Dealers will replace the trailer wiring harness, free of charge. Interim notification letters, notifying owners of the safety risk, were mailed February 13, 2026. Additional letters will be sent once the final remedy is available, anticipated July 2026. Owners may contact Hyundai customer service at 1-855-371-9460. Hyundai\'s number for this recall is 290. Vehicle Identification Numbers (VINs) involved in this recall  became searchable on NHTSA.gov on December 20, 2025.',NULL,'2026-03-30 10:36:08');
/*!40000 ALTER TABLE `vehicle_recall_snapshots` ENABLE KEYS */;
UNLOCK TABLES;

--
-- Table structure for table `viewing_requests`
--

DROP TABLE IF EXISTS `viewing_requests`;
/*!40101 SET @saved_cs_client     = @@character_set_client */;
/*!50503 SET character_set_client = utf8mb4 */;
CREATE TABLE `viewing_requests` (
  `request_id` bigint NOT NULL AUTO_INCREMENT,
  `listing_id` bigint NOT NULL,
  `buyer_id` bigint NOT NULL,
  `contact_name` varchar(120) COLLATE utf8mb4_unicode_ci DEFAULT NULL,
  `contact_email` varchar(190) COLLATE utf8mb4_unicode_ci DEFAULT NULL,
  `contact_phone` varchar(30) COLLATE utf8mb4_unicode_ci DEFAULT NULL,
  `message` text COLLATE utf8mb4_unicode_ci,
  `status` enum('pending','accepted','rejected','cancelled') COLLATE utf8mb4_unicode_ci NOT NULL DEFAULT 'pending',
  `created_at` timestamp NOT NULL DEFAULT CURRENT_TIMESTAMP,
  `updated_at` timestamp NOT NULL DEFAULT CURRENT_TIMESTAMP ON UPDATE CURRENT_TIMESTAMP,
  `seller_user_id` bigint DEFAULT NULL,
  `preferred_viewing_time` datetime DEFAULT NULL,
  `notified_at` datetime DEFAULT NULL,
  PRIMARY KEY (`request_id`),
  KEY `idx_requests_listing` (`listing_id`),
  KEY `idx_requests_buyer` (`buyer_id`),
  KEY `idx_requests_status` (`status`),
  CONSTRAINT `fk_requests_buyer` FOREIGN KEY (`buyer_id`) REFERENCES `users` (`user_id`) ON DELETE CASCADE ON UPDATE CASCADE,
  CONSTRAINT `fk_requests_listing` FOREIGN KEY (`listing_id`) REFERENCES `listings` (`listing_id`) ON DELETE CASCADE ON UPDATE CASCADE
) ENGINE=InnoDB DEFAULT CHARSET=utf8mb4 COLLATE=utf8mb4_unicode_ci;
/*!40101 SET character_set_client = @saved_cs_client */;

--
-- Dumping data for table `viewing_requests`
--

LOCK TABLES `viewing_requests` WRITE;
/*!40000 ALTER TABLE `viewing_requests` DISABLE KEYS */;
/*!40000 ALTER TABLE `viewing_requests` ENABLE KEYS */;
UNLOCK TABLES;

--
-- Table structure for table `watched_variants`
--

DROP TABLE IF EXISTS `watched_variants`;
/*!40101 SET @saved_cs_client     = @@character_set_client */;
/*!50503 SET character_set_client = utf8mb4 */;
CREATE TABLE `watched_variants` (
  `user_id` bigint NOT NULL,
  `variant_id` bigint NOT NULL,
  `created_at` timestamp NOT NULL DEFAULT CURRENT_TIMESTAMP,
  PRIMARY KEY (`user_id`,`variant_id`),
  KEY `fk_watched_variants_variant` (`variant_id`),
  CONSTRAINT `fk_watched_variants_user` FOREIGN KEY (`user_id`) REFERENCES `users` (`user_id`) ON DELETE CASCADE ON UPDATE CASCADE,
  CONSTRAINT `fk_watched_variants_variant` FOREIGN KEY (`variant_id`) REFERENCES `car_variants` (`variant_id`) ON DELETE CASCADE ON UPDATE CASCADE
) ENGINE=InnoDB DEFAULT CHARSET=utf8mb4 COLLATE=utf8mb4_unicode_ci;
/*!40101 SET character_set_client = @saved_cs_client */;

--
-- Dumping data for table `watched_variants`
--

LOCK TABLES `watched_variants` WRITE;
/*!40000 ALTER TABLE `watched_variants` DISABLE KEYS */;
/*!40000 ALTER TABLE `watched_variants` ENABLE KEYS */;
UNLOCK TABLES;

--
-- Dumping events for database 'carvista'
--

--
-- Dumping routines for database 'carvista'
--
/*!40103 SET TIME_ZONE=@OLD_TIME_ZONE */;

/*!40101 SET SQL_MODE=@OLD_SQL_MODE */;
/*!40014 SET FOREIGN_KEY_CHECKS=@OLD_FOREIGN_KEY_CHECKS */;
/*!40014 SET UNIQUE_CHECKS=@OLD_UNIQUE_CHECKS */;
/*!40101 SET CHARACTER_SET_CLIENT=@OLD_CHARACTER_SET_CLIENT */;
/*!40101 SET CHARACTER_SET_RESULTS=@OLD_CHARACTER_SET_RESULTS */;
/*!40101 SET COLLATION_CONNECTION=@OLD_COLLATION_CONNECTION */;
/*!40111 SET SQL_NOTES=@OLD_SQL_NOTES */;

-- Dump completed on 2026-03-31  3:23:14
